{"stat.useItem.minecraft.air":9,"stat.pickup.lepidodendron.fossil_neogene":1,"stat.walkOneCm":265498,"stat.pickup.wyrmsofnyrus.metalcomb_array":12,"stat.pickup.wyrmsofnyrus.sulfur":9,"stat.leaveGame":3,"stat.pickup.minecraft.stonebrick":3,"stat.pickup.nocubessrparmory.overlordcore":7,"stat.jump":989,"stat.swimOneCm":136022,"stat.useItem.minecraft.sand":3,"stat.fallOneCm":45219,"stat.climbOneCm":2015,"stat.useItem.matteroverdrive.android_pill":1,"stat.pickup.minecraft.stone":14,"stat.drop.minecraft.sapling":1,"stat.crouchOneCm":1729,"stat.useItem.wyrmsofnyrus.wyrmsoldierspawner":2,"stat.pickup.minecraft.sapling":1,"stat.pickup.minecraft.dirt":76,"stat.sprintOneCm":136258,"stat.pickup.minecraft.sand":9,"stat.pickup.minecraft.brick_block":1,"stat.pickup.nocubessrparmory.evolutionarmorboots":1,"stat.mineBlock.minecraft.log2":1,"stat.damageTaken":48352986,"stat.pickup.lepidodendron.fossil_pleistocene":1,"stat.pickup.minecraft.cobblestone":105,"stat.mobKills":160,"stat.useItem.minecraft.stonebrick":1,"stat.useItem.customnpcs.npcwand":6,"stat.useItem.minecraft.golden_apple":12,"stat.flyOneCm":1253835,"stat.pickup.wyrmsofnyrus.wyrmarmorfrag":15,"stat.deaths":12,"stat.pickup.minecraft.sandstone":5,"stat.pickup.appliedenergistics2.material":2,"stat.drop":1,"stat.mineBlock.minecraft.leaves":1,"stat.playOneMinute":246870,"stat.useItem.nocubessrparmory.thereapertrue":4,"stat.sneakTime":429,"stat.useItem.nocubessrparmory.evolutionsickle":2,"stat.damageDealt":43483,"stat.timeSinceDeath":25860,"stat.pickup.minecraft.stone_slab":37,"stat.pickup.minecraft.stained_hardened_clay":8,"stat.pickup.lepidodendron.scoria":5,"stat.useItem.customnpcs.npcmobcloner":13,"stat.pickup.libvulpes.ore0":1,"stat.mineBlock.minecraft.tallgrass":2,"stat.diveOneCm":50836}