{
    "id": "wyrmsofnyrus:wyrmsoldier",
    "Motion": [
        0.0d,
        -0.0784000015258789d,
        0.0d
    ],
    "Rotation": [
        143.30814f,
        0.0f
    ],
    "FallDistance": 0.0f,
    "Fire": -1s,
    "Air": 300s,
    "OnGround": 1b,
    "Dimension": 0,
    "Invulnerable": 0b,
    "PortalCooldown": 0,
    "UpdateBlocked": 0b,
    "ForgeData": {
        "srpcothimmunity": 0
    },
    "ForgeCaps": {
        "llibrary:extendedentitydatacapability": {
        }
    },
    "Health": 37.0f,
    "HurtTime": 0s,
    "HurtByTimestamp": 0,
    "DeathTime": 0s,
    "AbsorptionAmount": 0.0f,
    "Attributes": [
        {
            "Name": "generic.maxHealth",
            "Base": 37.0d
        },
        {
            "Name": "generic.knockbackResistance",
            "Base": 0.699999988079071d
        },
        {
            "Name": "generic.movementSpeed",
            "Base": 0.5d
        },
        {
            "Name": "generic.armor",
            "Base": 7.25d
        },
        {
            "Name": "generic.armorToughness",
            "Base": 0.0d
        },
        {
            "Name": "forge.swimSpeed",
            "Base": 1.0d
        },
        {
            "Name": "generic.followRange",
            "Base": 40.0d
        },
        {
            "Name": "generic.attackDamage",
            "Base": 4.0d
        }
    ],
    "FallFlying": 0b,
    "CanPickUpLoot": 0b,
    "PersistenceRequired": 1b,
    "ArmorItems": [
        {
        },
        {
        },
        {
        },
        {
        }
    ],
    "HandItems": [
        {
        },
        {
        }
    ],
    "ArmorDropChances": [
        0.085f,
        0.085f,
        0.085f,
        0.085f
    ],
    "HandDropChances": [
        0.085f,
        0.085f
    ],
    "Leashed": 0b,
    "LeftHanded": 0b,
    "variant": 1,
    "size": 1.0f,
    "ModRev": 1
}
