<?xml version="1.0" encoding="UTF-8" standalone="no"?>
<galaxy>
    <star blackHole="false" name="Sol" numGasGiants="0" numPlanets="0" size="1.0" temp="100" x="0" y="0">
        <planet DIMID="0" dimMapping="" name="Earth">
            <isKnown>true</isKnown>
            <fogColor>1.0,1.0,1.0</fogColor>
            <skyColor>1.0,1.0,1.0</skyColor>
            <gravitationalMultiplier>100</gravitationalMultiplier>
            <orbitalDistance>100</orbitalDistance>
            <orbitalTheta>0</orbitalTheta>
            <orbitalPhi>0</orbitalPhi>
            <retrograde>false</retrograde>
            <avgTemperature>287</avgTemperature>
            <rotationalPeriod>24000</rotationalPeriod>
            <atmosphereDensity>100</atmosphereDensity>
            <generateCraters>false</generateCraters>
            <generateCaves>false</generateCaves>
            <generateVolcanos>false</generateVolcanos>
            <generateStructures>false</generateStructures>
            <generateGeodes>false</generateGeodes>
            <planet DIMID="3" name="Luna">
                <isKnown>false</isKnown>
                <fogColor>1.0,1.0,1.0</fogColor>
                <skyColor>1.0,1.0,1.0</skyColor>
                <gravitationalMultiplier>16</gravitationalMultiplier>
                <orbitalDistance>150</orbitalDistance>
                <orbitalTheta>0</orbitalTheta>
                <orbitalPhi>0</orbitalPhi>
                <retrograde>false</retrograde>
                <avgTemperature>255</avgTemperature>
                <rotationalPeriod>128000</rotationalPeriod>
                <atmosphereDensity>0</atmosphereDensity>
                <generateCraters>true</generateCraters>
                <generateCaves>false</generateCaves>
                <generateVolcanos>false</generateVolcanos>
                <generateStructures>false</generateStructures>
                <generateGeodes>false</generateGeodes>
                <biomeIds>advancedrocketry:moon;30,advancedrocketry:moondark;30</biomeIds>
            </planet>
        </planet>
        <planet DIMID="17" name="Sol 17">
            <isKnown>false</isKnown>
            <fogColor>1.0,1.0,1.0</fogColor>
            <skyColor>0.8,0.58292735,0.9706787</skyColor>
            <gravitationalMultiplier>101</gravitationalMultiplier>
            <orbitalDistance>175</orbitalDistance>
            <orbitalTheta>141</orbitalTheta>
            <orbitalPhi>-113</orbitalPhi>
            <retrograde>false</retrograde>
            <avgTemperature>201</avgTemperature>
            <rotationalPeriod>22951</rotationalPeriod>
            <atmosphereDensity>74</atmosphereDensity>
            <generateCraters>true</generateCraters>
            <generateCaves>false</generateCaves>
            <generateVolcanos>false</generateVolcanos>
            <generateStructures>false</generateStructures>
            <generateGeodes>false</generateGeodes>
            <biomeIds>minecraft:mutated_jungle;30,minecraft:mesa;30,minecraft:stone_beach;30,minecraft:mutated_roofed_forest;30,minecraft:mutated_plains;30</biomeIds>
        </planet>
        <planet DIMID="18" name="Sol 18">
            <isKnown>false</isKnown>
            <fogColor>1.0,1.0,1.0</fogColor>
            <skyColor>0.8,0.62057304,0.68348765</skyColor>
            <gravitationalMultiplier>130</gravitationalMultiplier>
            <orbitalDistance>144</orbitalDistance>
            <orbitalTheta>190</orbitalTheta>
            <orbitalPhi>-44</orbitalPhi>
            <retrograde>false</retrograde>
            <avgTemperature>291</avgTemperature>
            <rotationalPeriod>10923</rotationalPeriod>
            <atmosphereDensity>217</atmosphereDensity>
            <generateCraters>false</generateCraters>
            <generateCaves>false</generateCaves>
            <generateVolcanos>false</generateVolcanos>
            <generateStructures>false</generateStructures>
            <generateGeodes>true</generateGeodes>
            <biomeIds>minecraft:mushroom_island;30</biomeIds>
            <planet DIMID="19" name="Sol 18: 0">
                <isKnown>false</isKnown>
                <fogColor>1.0,1.0,1.0</fogColor>
                <skyColor>0.8,0.86440814,0.8541601</skyColor>
                <gravitationalMultiplier>70</gravitationalMultiplier>
                <orbitalDistance>127</orbitalDistance>
                <orbitalTheta>177</orbitalTheta>
                <orbitalPhi>-8</orbitalPhi>
                <retrograde>false</retrograde>
                <avgTemperature>227</avgTemperature>
                <rotationalPeriod>69970</rotationalPeriod>
                <atmosphereDensity>13</atmosphereDensity>
                <generateCraters>true</generateCraters>
                <generateCaves>false</generateCaves>
                <generateVolcanos>false</generateVolcanos>
                <generateStructures>false</generateStructures>
                <generateGeodes>false</generateGeodes>
                <biomeIds>advancedrocketry:moon;30,advancedrocketry:moondark;30</biomeIds>
            </planet>
            <planet DIMID="20" name="Sol 18: 1">
                <isKnown>false</isKnown>
                <fogColor>1.0,1.0,1.0</fogColor>
                <skyColor>0.8,0.7408644,0.9398349</skyColor>
                <gravitationalMultiplier>78</gravitationalMultiplier>
                <orbitalDistance>151</orbitalDistance>
                <orbitalTheta>74</orbitalTheta>
                <orbitalPhi>-65</orbitalPhi>
                <retrograde>false</retrograde>
                <avgTemperature>208</avgTemperature>
                <rotationalPeriod>50574</rotationalPeriod>
                <atmosphereDensity>23</atmosphereDensity>
                <generateCraters>true</generateCraters>
                <generateCaves>false</generateCaves>
                <generateVolcanos>false</generateVolcanos>
                <generateStructures>false</generateStructures>
                <generateGeodes>false</generateGeodes>
                <biomeIds>advancedrocketry:moon;30,advancedrocketry:moondark;30</biomeIds>
            </planet>
        </planet>
        <planet DIMID="4" name="Sol 4">
            <isKnown>false</isKnown>
            <GasGiant>true</GasGiant>
            <gas>nitrogen</gas>
            <gas>oxygen</gas>
            <fogColor>1.0,1.0,1.0</fogColor>
            <skyColor>1.0,1.0,1.0</skyColor>
            <gravitationalMultiplier>89</gravitationalMultiplier>
            <orbitalDistance>192</orbitalDistance>
            <orbitalTheta>0</orbitalTheta>
            <orbitalPhi>0</orbitalPhi>
            <retrograde>false</retrograde>
            <avgTemperature>239</avgTemperature>
            <rotationalPeriod>24000</rotationalPeriod>
            <atmosphereDensity>178</atmosphereDensity>
            <generateCraters>false</generateCraters>
            <generateCaves>false</generateCaves>
            <generateVolcanos>false</generateVolcanos>
            <generateStructures>false</generateStructures>
            <generateGeodes>false</generateGeodes>
        </planet>
        <planet DIMID="5" name="Sol 5">
            <isKnown>false</isKnown>
            <fogColor>1.0,1.0,1.0</fogColor>
            <skyColor>0.8,0.91016686,0.0</skyColor>
            <gravitationalMultiplier>120</gravitationalMultiplier>
            <orbitalDistance>29</orbitalDistance>
            <orbitalTheta>303</orbitalTheta>
            <orbitalPhi>-182</orbitalPhi>
            <retrograde>false</retrograde>
            <avgTemperature>649</avgTemperature>
            <rotationalPeriod>13716</rotationalPeriod>
            <atmosphereDensity>218</atmosphereDensity>
            <generateCraters>false</generateCraters>
            <generateCaves>false</generateCaves>
            <generateVolcanos>true</generateVolcanos>
            <generateStructures>false</generateStructures>
            <generateGeodes>true</generateGeodes>
            <biomeIds>minecraft:mutated_jungle;30,minecraft:mutated_mesa;30,minecraft:mutated_mesa_rock;30,minecraft:savanna;30,minecraft:desert;30</biomeIds>
            <planet DIMID="6" name="Sol 5: 0">
                <isKnown>false</isKnown>
                <hasRings>true</hasRings>
                <ringColor>0.8,0.98106974,0.7963379</ringColor>
                <fogColor>1.0,1.0,1.0</fogColor>
                <skyColor>0.8,0.98106974,0.7963379</skyColor>
                <gravitationalMultiplier>82</gravitationalMultiplier>
                <orbitalDistance>99</orbitalDistance>
                <orbitalTheta>94</orbitalTheta>
                <orbitalPhi>-49</orbitalPhi>
                <retrograde>false</retrograde>
                <avgTemperature>257</avgTemperature>
                <rotationalPeriod>43528</rotationalPeriod>
                <atmosphereDensity>27</atmosphereDensity>
                <generateCraters>true</generateCraters>
                <generateCaves>false</generateCaves>
                <generateVolcanos>false</generateVolcanos>
                <generateStructures>false</generateStructures>
                <generateGeodes>false</generateGeodes>
                <biomeIds>lepidodendron:olivegrove;1,advancedrocketry:marsh;30,minecraft:mutated_extreme_hills;30,minecraft:mutated_savanna_rock;30,minecraft:mutated_mesa;30</biomeIds>
            </planet>
            <oceanBlock>minecraft:lava</oceanBlock>
        </planet>
        <planet DIMID="21" name="Sol 21">
            <isKnown>false</isKnown>
            <fogColor>1.0,1.0,1.0</fogColor>
            <skyColor>0.8,0.51217914,1.0</skyColor>
            <gravitationalMultiplier>120</gravitationalMultiplier>
            <orbitalDistance>179</orbitalDistance>
            <orbitalTheta>192</orbitalTheta>
            <orbitalPhi>-55</orbitalPhi>
            <retrograde>false</retrograde>
            <avgTemperature>202</avgTemperature>
            <rotationalPeriod>13716</rotationalPeriod>
            <atmosphereDensity>78</atmosphereDensity>
            <generateCraters>false</generateCraters>
            <generateCaves>false</generateCaves>
            <generateVolcanos>false</generateVolcanos>
            <generateStructures>false</generateStructures>
            <generateGeodes>false</generateGeodes>
            <biomeIds>minecraft:plains;10,minecraft:desert_hills;30,minecraft:mutated_birch_forest_hills;30,minecraft:mutated_extreme_hills;30,minecraft:mutated_desert;30</biomeIds>
        </planet>
        <planet DIMID="22" name="Sol 22">
            <isKnown>false</isKnown>
            <fogColor>1.0,1.0,1.0</fogColor>
            <skyColor>0.8,0.50962293,0.5092473</skyColor>
            <gravitationalMultiplier>99</gravitationalMultiplier>
            <orbitalDistance>57</orbitalDistance>
            <orbitalTheta>74</orbitalTheta>
            <orbitalPhi>-35</orbitalPhi>
            <retrograde>false</retrograde>
            <avgTemperature>338</avgTemperature>
            <rotationalPeriod>24363</rotationalPeriod>
            <atmosphereDensity>0</atmosphereDensity>
            <generateCraters>true</generateCraters>
            <generateCaves>false</generateCaves>
            <generateVolcanos>false</generateVolcanos>
            <generateStructures>false</generateStructures>
            <generateGeodes>false</generateGeodes>
            <biomeIds>advancedrocketry:moon;30,advancedrocketry:moondark;30</biomeIds>
        </planet>
        <planet DIMID="7" name="Sol 7">
            <isKnown>false</isKnown>
            <fogColor>1.0,1.0,1.0</fogColor>
            <skyColor>0.8,0.98498523,0.80810857</skyColor>
            <gravitationalMultiplier>99</gravitationalMultiplier>
            <orbitalDistance>173</orbitalDistance>
            <orbitalTheta>219</orbitalTheta>
            <orbitalPhi>97</orbitalPhi>
            <retrograde>false</retrograde>
            <avgTemperature>241</avgTemperature>
            <rotationalPeriod>24363</rotationalPeriod>
            <atmosphereDensity>148</atmosphereDensity>
            <generateCraters>false</generateCraters>
            <generateCaves>false</generateCaves>
            <generateVolcanos>false</generateVolcanos>
            <generateStructures>false</generateStructures>
            <generateGeodes>true</generateGeodes>
            <biomeIds>minecraft:ice_flats;30</biomeIds>
        </planet>
        <planet DIMID="8" name="Sol 8">
            <isKnown>false</isKnown>
            <fogColor>1.0,1.0,1.0</fogColor>
            <skyColor>0.8,0.7101947,0.9059197</skyColor>
            <gravitationalMultiplier>130</gravitationalMultiplier>
            <orbitalDistance>127</orbitalDistance>
            <orbitalTheta>345</orbitalTheta>
            <orbitalPhi>-269</orbitalPhi>
            <retrograde>false</retrograde>
            <avgTemperature>227</avgTemperature>
            <rotationalPeriod>10923</rotationalPeriod>
            <atmosphereDensity>6</atmosphereDensity>
            <generateCraters>true</generateCraters>
            <generateCaves>false</generateCaves>
            <generateVolcanos>false</generateVolcanos>
            <generateStructures>false</generateStructures>
            <generateGeodes>false</generateGeodes>
            <biomeIds>advancedrocketry:moon;30,advancedrocketry:moondark;30</biomeIds>
            <planet DIMID="9" name="Sol 8: 0">
                <isKnown>false</isKnown>
                <fogColor>1.0,1.0,1.0</fogColor>
                <skyColor>0.8,0.52489555,1.0</skyColor>
                <gravitationalMultiplier>52</gravitationalMultiplier>
                <orbitalDistance>170</orbitalDistance>
                <orbitalTheta>155</orbitalTheta>
                <orbitalPhi>-195</orbitalPhi>
                <retrograde>false</retrograde>
                <avgTemperature>196</avgTemperature>
                <rotationalPeriod>170687</rotationalPeriod>
                <atmosphereDensity>17</atmosphereDensity>
                <generateCraters>true</generateCraters>
                <generateCaves>false</generateCaves>
                <generateVolcanos>false</generateVolcanos>
                <generateStructures>false</generateStructures>
                <generateGeodes>false</generateGeodes>
                <biomeIds>advancedrocketry:moon;30,advancedrocketry:moondark;30</biomeIds>
            </planet>
        </planet>
        <planet DIMID="10" name="Sol 10">
            <isKnown>false</isKnown>
            <fogColor>1.0,1.0,1.0</fogColor>
            <skyColor>0.8,0.6320083,0.38871372</skyColor>
            <gravitationalMultiplier>121</gravitationalMultiplier>
            <orbitalDistance>76</orbitalDistance>
            <orbitalTheta>135</orbitalTheta>
            <orbitalPhi>56</orbitalPhi>
            <retrograde>false</retrograde>
            <avgTemperature>371</avgTemperature>
            <rotationalPeriod>13380</rotationalPeriod>
            <atmosphereDensity>161</atmosphereDensity>
            <generateCraters>false</generateCraters>
            <generateCaves>false</generateCaves>
            <generateVolcanos>false</generateVolcanos>
            <generateStructures>true</generateStructures>
            <generateGeodes>true</generateGeodes>
            <biomeIds>advancedrocketry:oceanspires;30,minecraft:mutated_extreme_hills;30,minecraft:mutated_savanna;30,minecraft:mutated_jungle;30,minecraft:ocean;30</biomeIds>
            <planet DIMID="11" name="Sol 10: 0">
                <isKnown>false</isKnown>
                <fogColor>1.0,1.0,1.0</fogColor>
                <skyColor>0.8,0.5245513,0.86440724</skyColor>
                <gravitationalMultiplier>57</gravitationalMultiplier>
                <orbitalDistance>107</orbitalDistance>
                <orbitalTheta>52</orbitalTheta>
                <orbitalPhi>-226</orbitalPhi>
                <retrograde>false</retrograde>
                <avgTemperature>247</avgTemperature>
                <rotationalPeriod>129594</rotationalPeriod>
                <atmosphereDensity>33</atmosphereDensity>
                <generateCraters>true</generateCraters>
                <generateCaves>false</generateCaves>
                <generateVolcanos>false</generateVolcanos>
                <generateStructures>false</generateStructures>
                <generateGeodes>false</generateGeodes>
                <biomeIds>advancedrocketry:crystalchasms;30</biomeIds>
            </planet>
            <planet DIMID="12" name="Sol 10: 1">
                <isKnown>false</isKnown>
                <fogColor>1.0,1.0,1.0</fogColor>
                <skyColor>0.8,0.86939085,1.0</skyColor>
                <gravitationalMultiplier>80</gravitationalMultiplier>
                <orbitalDistance>171</orbitalDistance>
                <orbitalTheta>25</orbitalTheta>
                <orbitalPhi>-348</orbitalPhi>
                <retrograde>false</retrograde>
                <avgTemperature>195</avgTemperature>
                <rotationalPeriod>46875</rotationalPeriod>
                <atmosphereDensity>13</atmosphereDensity>
                <generateCraters>true</generateCraters>
                <generateCaves>false</generateCaves>
                <generateVolcanos>false</generateVolcanos>
                <generateStructures>false</generateStructures>
                <generateGeodes>false</generateGeodes>
                <biomeIds>advancedrocketry:moon;30,advancedrocketry:moondark;30</biomeIds>
            </planet>
            <planet DIMID="13" name="Sol 10: 2">
                <isKnown>false</isKnown>
                <fogColor>1.0,1.0,1.0</fogColor>
                <skyColor>0.8,0.94040513,0.8726473</skyColor>
                <gravitationalMultiplier>49</gravitationalMultiplier>
                <orbitalDistance>111</orbitalDistance>
                <orbitalTheta>82</orbitalTheta>
                <orbitalPhi>-283</orbitalPhi>
                <retrograde>false</retrograde>
                <avgTemperature>242</avgTemperature>
                <rotationalPeriod>203996</rotationalPeriod>
                <atmosphereDensity>30</atmosphereDensity>
                <generateCraters>true</generateCraters>
                <generateCaves>false</generateCaves>
                <generateVolcanos>false</generateVolcanos>
                <generateStructures>false</generateStructures>
                <generateGeodes>false</generateGeodes>
                <biomeIds>minecraft:mutated_birch_forest_hills;30,minecraft:mutated_mesa_clear_rock;30,minecraft:mutated_savanna;30,minecraft:mutated_mesa_rock;30,minecraft:mutated_redwood_taiga_hills;30</biomeIds>
            </planet>
        </planet>
        <planet DIMID="14" name="Sol 14">
            <isKnown>false</isKnown>
            <fogColor>1.0,1.0,1.0</fogColor>
            <skyColor>0.8,0.76865625,0.0</skyColor>
            <gravitationalMultiplier>100</gravitationalMultiplier>
            <orbitalDistance>25</orbitalDistance>
            <orbitalTheta>256</orbitalTheta>
            <orbitalPhi>-270</orbitalPhi>
            <retrograde>false</retrograde>
            <avgTemperature>588</avgTemperature>
            <rotationalPeriod>23643</rotationalPeriod>
            <atmosphereDensity>109</atmosphereDensity>
            <generateCraters>false</generateCraters>
            <generateCaves>false</generateCaves>
            <generateVolcanos>true</generateVolcanos>
            <generateStructures>false</generateStructures>
            <generateGeodes>false</generateGeodes>
            <biomeIds>minecraft:deep_ocean;30,minecraft:desert;30,advancedrocketry:volcanicbarren;30,minecraft:mutated_jungle;30,minecraft:frozen_ocean;30</biomeIds>
            <planet DIMID="16" name="Sol 14: 1">
                <isKnown>false</isKnown>
                <fogColor>1.0,1.0,1.0</fogColor>
                <skyColor>0.8,0.9331956,1.0</skyColor>
                <gravitationalMultiplier>36</gravitationalMultiplier>
                <orbitalDistance>171</orbitalDistance>
                <orbitalTheta>191</orbitalTheta>
                <orbitalPhi>-236</orbitalPhi>
                <retrograde>false</retrograde>
                <avgTemperature>195</avgTemperature>
                <rotationalPeriod>514403</rotationalPeriod>
                <atmosphereDensity>22</atmosphereDensity>
                <generateCraters>true</generateCraters>
                <generateCaves>false</generateCaves>
                <generateVolcanos>false</generateVolcanos>
                <generateStructures>false</generateStructures>
                <generateGeodes>false</generateGeodes>
                <biomeIds>advancedrocketry:moon;30,advancedrocketry:moondark;30</biomeIds>
            </planet>
            <planet DIMID="15" name="Sol 14: 0">
                <isKnown>false</isKnown>
                <fogColor>1.0,1.0,1.0</fogColor>
                <skyColor>0.8,0.6766492,0.96686274</skyColor>
                <gravitationalMultiplier>27</gravitationalMultiplier>
                <orbitalDistance>159</orbitalDistance>
                <orbitalTheta>59</orbitalTheta>
                <orbitalPhi>-344</orbitalPhi>
                <retrograde>false</retrograde>
                <avgTemperature>202</avgTemperature>
                <rotationalPeriod>1219326</rotationalPeriod>
                <atmosphereDensity>22</atmosphereDensity>
                <generateCraters>true</generateCraters>
                <generateCaves>false</generateCaves>
                <generateVolcanos>false</generateVolcanos>
                <generateStructures>false</generateStructures>
                <generateGeodes>false</generateGeodes>
                <biomeIds>advancedrocketry:moon;30,advancedrocketry:moondark;30</biomeIds>
            </planet>
            <oceanBlock>minecraft:lava</oceanBlock>
        </planet>
    </star>
    <star blackHole="false" name="Wolf 12" numGasGiants="0" numPlanets="0" size="1.0" temp="10" x="300" y="-200">
        <planet DIMID="23" name="Wolf 12 23">
            <isKnown>false</isKnown>
            <fogColor>1.0,1.0,1.0</fogColor>
            <skyColor>0.36291474,0.965532,1.0</skyColor>
            <gravitationalMultiplier>87</gravitationalMultiplier>
            <orbitalDistance>99</orbitalDistance>
            <orbitalTheta>293</orbitalTheta>
            <orbitalPhi>-109</orbitalPhi>
            <retrograde>false</retrograde>
            <avgTemperature>33</avgTemperature>
            <rotationalPeriod>35825</rotationalPeriod>
            <atmosphereDensity>177</atmosphereDensity>
            <generateCraters>false</generateCraters>
            <generateCaves>false</generateCaves>
            <generateVolcanos>false</generateVolcanos>
            <generateStructures>false</generateStructures>
            <generateGeodes>true</generateGeodes>
            <biomeIds>minecraft:jungle;30,minecraft:swampland;10,minecraft:mutated_birch_forest;30,minecraft:mutated_birch_forest_hills;30,minecraft:forest;10</biomeIds>
        </planet>
        <planet DIMID="24" name="Wolf 12 24">
            <isKnown>false</isKnown>
            <fogColor>1.0,1.0,1.0</fogColor>
            <skyColor>0.34705687,0.8587624,1.0</skyColor>
            <gravitationalMultiplier>93</gravitationalMultiplier>
            <orbitalDistance>164</orbitalDistance>
            <orbitalTheta>27</orbitalTheta>
            <orbitalPhi>-148</orbitalPhi>
            <retrograde>false</retrograde>
            <avgTemperature>19</avgTemperature>
            <rotationalPeriod>29361</rotationalPeriod>
            <atmosphereDensity>54</atmosphereDensity>
            <generateCraters>true</generateCraters>
            <generateCaves>false</generateCaves>
            <generateVolcanos>false</generateVolcanos>
            <generateStructures>false</generateStructures>
            <generateGeodes>false</generateGeodes>
            <biomeIds>advancedrocketry:oceanspires;30,minecraft:desert;30,wyrmsofnyrus:creeped_lands;30,minecraft:mutated_jungle_edge;30,minecraft:mutated_jungle;30</biomeIds>
        </planet>
        <planet DIMID="25" name="Wolf 12 25">
            <isKnown>false</isKnown>
            <fogColor>1.0,1.0,1.0</fogColor>
            <skyColor>0.28959548,0.6976636,1.0</skyColor>
            <gravitationalMultiplier>103</gravitationalMultiplier>
            <orbitalDistance>168</orbitalDistance>
            <orbitalTheta>94</orbitalTheta>
            <orbitalPhi>158</orbitalPhi>
            <retrograde>false</retrograde>
            <avgTemperature>19</avgTemperature>
            <rotationalPeriod>21646</rotationalPeriod>
            <atmosphereDensity>0</atmosphereDensity>
            <generateCraters>true</generateCraters>
            <generateCaves>false</generateCaves>
            <generateVolcanos>false</generateVolcanos>
            <generateStructures>false</generateStructures>
            <generateGeodes>false</generateGeodes>
            <biomeIds>advancedrocketry:moon;30,advancedrocketry:moondark;30</biomeIds>
            <planet DIMID="26" name="Wolf 12 25: 0">
                <isKnown>false</isKnown>
                <fogColor>1.0,1.0,1.0</fogColor>
                <skyColor>0.27788424,0.8108035,1.0</skyColor>
                <gravitationalMultiplier>63</gravitationalMultiplier>
                <orbitalDistance>154</orbitalDistance>
                <orbitalTheta>216</orbitalTheta>
                <orbitalPhi>-207</orbitalPhi>
                <retrograde>false</retrograde>
                <avgTemperature>20</avgTemperature>
                <rotationalPeriod>95981</rotationalPeriod>
                <atmosphereDensity>29</atmosphereDensity>
                <generateCraters>true</generateCraters>
                <generateCaves>false</generateCaves>
                <generateVolcanos>false</generateVolcanos>
                <generateStructures>false</generateStructures>
                <generateGeodes>false</generateGeodes>
                <biomeIds>advancedrocketry:crystalchasms;30,advancedrocketry:marsh;30,minecraft:mutated_savanna;30,minecraft:mutated_mesa;30,minecraft:mutated_roofed_forest;30</biomeIds>
            </planet>
        </planet>
        <planet DIMID="27" name="Wolf 12 27">
            <isKnown>false</isKnown>
            <fogColor>1.0,1.0,1.0</fogColor>
            <skyColor>0.303088,0.99736387,1.0</skyColor>
            <gravitationalMultiplier>111</gravitationalMultiplier>
            <orbitalDistance>139</orbitalDistance>
            <orbitalTheta>247</orbitalTheta>
            <orbitalPhi>-302</orbitalPhi>
            <retrograde>false</retrograde>
            <avgTemperature>28</avgTemperature>
            <rotationalPeriod>17313</rotationalPeriod>
            <atmosphereDensity>192</atmosphereDensity>
            <generateCraters>false</generateCraters>
            <generateCaves>false</generateCaves>
            <generateVolcanos>false</generateVolcanos>
            <generateStructures>false</generateStructures>
            <generateGeodes>true</generateGeodes>
            <biomeIds>minecraft:mutated_savanna_rock;30,minecraft:roofed_forest;10,minecraft:mushroom_island_shore;30,minecraft:mushroom_island;30,minecraft:mutated_jungle;30</biomeIds>
            <planet DIMID="28" name="Wolf 12 27: 0">
                <isKnown>false</isKnown>
                <fogColor>1.0,1.0,1.0</fogColor>
                <skyColor>0.2917204,0.7105856,1.0</skyColor>
                <gravitationalMultiplier>74</gravitationalMultiplier>
                <orbitalDistance>134</orbitalDistance>
                <orbitalTheta>178</orbitalTheta>
                <orbitalPhi>-96</orbitalPhi>
                <retrograde>false</retrograde>
                <avgTemperature>22</avgTemperature>
                <rotationalPeriod>59226</rotationalPeriod>
                <atmosphereDensity>37</atmosphereDensity>
                <generateCraters>true</generateCraters>
                <generateCaves>false</generateCaves>
                <generateVolcanos>false</generateVolcanos>
                <generateStructures>false</generateStructures>
                <generateGeodes>false</generateGeodes>
                <biomeIds>minecraft:mutated_mesa_clear_rock;30,minecraft:stone_beach;30,minecraft:mutated_roofed_forest;30,minecraft:mutated_jungle_edge;30,minecraft:birch_forest;10</biomeIds>
            </planet>
            <planet DIMID="29" name="Wolf 12 27: 1">
                <isKnown>false</isKnown>
                <fogColor>1.0,1.0,1.0</fogColor>
                <skyColor>0.33428198,0.5133831,1.0</skyColor>
                <gravitationalMultiplier>38</gravitationalMultiplier>
                <orbitalDistance>146</orbitalDistance>
                <orbitalTheta>205</orbitalTheta>
                <orbitalPhi>-348</orbitalPhi>
                <retrograde>false</retrograde>
                <avgTemperature>21</avgTemperature>
                <rotationalPeriod>437381</rotationalPeriod>
                <atmosphereDensity>23</atmosphereDensity>
                <generateCraters>true</generateCraters>
                <generateCaves>false</generateCaves>
                <generateVolcanos>false</generateVolcanos>
                <generateStructures>false</generateStructures>
                <generateGeodes>false</generateGeodes>
                <biomeIds>advancedrocketry:moon;30,advancedrocketry:moondark;30</biomeIds>
            </planet>
            <planet DIMID="30" name="Wolf 12 27: 2">
                <isKnown>false</isKnown>
                <fogColor>1.0,1.0,1.0</fogColor>
                <skyColor>0.26883203,0.7494076,1.0</skyColor>
                <gravitationalMultiplier>44</gravitationalMultiplier>
                <orbitalDistance>173</orbitalDistance>
                <orbitalTheta>342</orbitalTheta>
                <orbitalPhi>-161</orbitalPhi>
                <retrograde>false</retrograde>
                <avgTemperature>19</avgTemperature>
                <rotationalPeriod>281743</rotationalPeriod>
                <atmosphereDensity>21</atmosphereDensity>
                <generateCraters>true</generateCraters>
                <generateCaves>false</generateCaves>
                <generateVolcanos>false</generateVolcanos>
                <generateStructures>false</generateStructures>
                <generateGeodes>false</generateGeodes>
                <biomeIds>advancedrocketry:moon;30,advancedrocketry:moondark;30</biomeIds>
            </planet>
        </planet>
        <planet DIMID="31" name="Wolf 12 31">
            <isKnown>false</isKnown>
            <fogColor>1.0,1.0,1.0</fogColor>
            <skyColor>0.3919376,0.8033743,1.0</skyColor>
            <gravitationalMultiplier>130</gravitationalMultiplier>
            <orbitalDistance>95</orbitalDistance>
            <orbitalTheta>242</orbitalTheta>
            <orbitalPhi>-139</orbitalPhi>
            <retrograde>false</retrograde>
            <avgTemperature>28</avgTemperature>
            <rotationalPeriod>10923</rotationalPeriod>
            <atmosphereDensity>90</atmosphereDensity>
            <generateCraters>false</generateCraters>
            <generateCaves>false</generateCaves>
            <generateVolcanos>false</generateVolcanos>
            <generateStructures>false</generateStructures>
            <generateGeodes>false</generateGeodes>
            <seaLevel>57</seaLevel>
            <biomeIds>minecraft:stone_beach;30,minecraft:mutated_swampland;30,minecraft:savanna;30,minecraft:mutated_mesa_clear_rock;30,minecraft:desert;30</biomeIds>
        </planet>
    </star>
    <star blackHole="false" name="Epsilon ire" numGasGiants="0" numPlanets="0" size="1.0" temp="170" x="-200" y="80">
        <planet DIMID="32" name="Epsilon ire 32">
            <isKnown>false</isKnown>
            <hasRings>true</hasRings>
            <ringColor>0.8,0.9220276,0.0</ringColor>
            <fogColor>1.0,1.0,1.0</fogColor>
            <skyColor>0.8,0.9220276,0.0</skyColor>
            <gravitationalMultiplier>124</gravitationalMultiplier>
            <orbitalDistance>66</orbitalDistance>
            <orbitalTheta>132</orbitalTheta>
            <orbitalPhi>-300</orbitalPhi>
            <retrograde>false</retrograde>
            <avgTemperature>659</avgTemperature>
            <rotationalPeriod>12436</rotationalPeriod>
            <atmosphereDensity>144</atmosphereDensity>
            <generateCraters>false</generateCraters>
            <generateCaves>false</generateCaves>
            <generateVolcanos>true</generateVolcanos>
            <generateStructures>false</generateStructures>
            <generateGeodes>true</generateGeodes>
            <biomeIds>minecraft:jungle_edge;30,minecraft:deep_ocean;30,minecraft:mutated_savanna;30,minecraft:mutated_mesa;30,minecraft:jungle_hills;30</biomeIds>
            <planet DIMID="33" name="Epsilon ire 32: 0">
                <isKnown>false</isKnown>
                <fogColor>1.0,1.0,1.0</fogColor>
                <skyColor>0.8,0.6972141,0.55301076</skyColor>
                <gravitationalMultiplier>57</gravitationalMultiplier>
                <orbitalDistance>184</orbitalDistance>
                <orbitalTheta>217</orbitalTheta>
                <orbitalPhi>61</orbitalPhi>
                <retrograde>false</retrograde>
                <avgTemperature>320</avgTemperature>
                <rotationalPeriod>129594</rotationalPeriod>
                <atmosphereDensity>13</atmosphereDensity>
                <generateCraters>true</generateCraters>
                <generateCaves>false</generateCaves>
                <generateVolcanos>false</generateVolcanos>
                <generateStructures>false</generateStructures>
                <generateGeodes>false</generateGeodes>
                <biomeIds>advancedrocketry:moon;30,advancedrocketry:moondark;30</biomeIds>
            </planet>
            <oceanBlock>minecraft:lava</oceanBlock>
        </planet>
        <planet DIMID="34" name="Epsilon ire 34">
            <isKnown>false</isKnown>
            <hasRings>true</hasRings>
            <ringColor>0.8,0.62221193,0.0</ringColor>
            <fogColor>1.0,1.0,1.0</fogColor>
            <skyColor>0.8,0.62221193,0.0</skyColor>
            <gravitationalMultiplier>113</gravitationalMultiplier>
            <orbitalDistance>82</orbitalDistance>
            <orbitalTheta>211</orbitalTheta>
            <orbitalPhi>-56</orbitalPhi>
            <retrograde>false</retrograde>
            <avgTemperature>596</avgTemperature>
            <rotationalPeriod>16414</rotationalPeriod>
            <atmosphereDensity>149</atmosphereDensity>
            <generateCraters>false</generateCraters>
            <generateCaves>false</generateCaves>
            <generateVolcanos>true</generateVolcanos>
            <generateStructures>false</generateStructures>
            <generateGeodes>true</generateGeodes>
            <biomeIds>minecraft:jungle;30,minecraft:mutated_savanna_rock;30,advancedrocketry:marsh;30,minecraft:mutated_mesa_rock;30,minecraft:frozen_ocean;30</biomeIds>
            <planet DIMID="35" name="Epsilon ire 34: 0">
                <isKnown>false</isKnown>
                <fogColor>1.0,1.0,1.0</fogColor>
                <skyColor>0.8,0.78538275,0.48640877</skyColor>
                <gravitationalMultiplier>32</gravitationalMultiplier>
                <orbitalDistance>144</orbitalDistance>
                <orbitalTheta>329</orbitalTheta>
                <orbitalPhi>-82</orbitalPhi>
                <retrograde>false</retrograde>
                <avgTemperature>362</avgTemperature>
                <rotationalPeriod>732421</rotationalPeriod>
                <atmosphereDensity>13</atmosphereDensity>
                <generateCraters>true</generateCraters>
                <generateCaves>false</generateCaves>
                <generateVolcanos>false</generateVolcanos>
                <generateStructures>false</generateStructures>
                <generateGeodes>false</generateGeodes>
                <biomeIds>advancedrocketry:moon;30,advancedrocketry:moondark;30</biomeIds>
            </planet>
            <planet DIMID="36" name="Epsilon ire 34: 1">
                <isKnown>false</isKnown>
                <fogColor>1.0,1.0,1.0</fogColor>
                <skyColor>0.8,0.58961296,0.30942035</skyColor>
                <gravitationalMultiplier>44</gravitationalMultiplier>
                <orbitalDistance>109</orbitalDistance>
                <orbitalTheta>298</orbitalTheta>
                <orbitalPhi>-83</orbitalPhi>
                <retrograde>false</retrograde>
                <avgTemperature>416</avgTemperature>
                <rotationalPeriod>281743</rotationalPeriod>
                <atmosphereDensity>13</atmosphereDensity>
                <generateCraters>true</generateCraters>
                <generateCaves>false</generateCaves>
                <generateVolcanos>false</generateVolcanos>
                <generateStructures>false</generateStructures>
                <generateGeodes>false</generateGeodes>
                <biomeIds>advancedrocketry:moon;30,advancedrocketry:moondark;30</biomeIds>
            </planet>
            <oceanBlock>minecraft:lava</oceanBlock>
        </planet>
        <planet DIMID="37" name="Epsilon ire 37">
            <isKnown>false</isKnown>
            <fogColor>1.0,1.0,1.0</fogColor>
            <skyColor>0.8,0.8853091,0.3741545</skyColor>
            <gravitationalMultiplier>110</gravitationalMultiplier>
            <orbitalDistance>128</orbitalDistance>
            <orbitalTheta>335</orbitalTheta>
            <orbitalPhi>-95</orbitalPhi>
            <retrograde>false</retrograde>
            <avgTemperature>384</avgTemperature>
            <rotationalPeriod>17787</rotationalPeriod>
            <atmosphereDensity>19</atmosphereDensity>
            <generateCraters>true</generateCraters>
            <generateCaves>false</generateCaves>
            <generateVolcanos>false</generateVolcanos>
            <generateStructures>false</generateStructures>
            <generateGeodes>false</generateGeodes>
            <biomeIds>advancedrocketry:moon;30,advancedrocketry:moondark;30</biomeIds>
            <planet DIMID="38" name="Epsilon ire 37: 0">
                <isKnown>false</isKnown>
                <fogColor>1.0,1.0,1.0</fogColor>
                <skyColor>0.8,0.8381844,0.5696689</skyColor>
                <gravitationalMultiplier>58</gravitationalMultiplier>
                <orbitalDistance>189</orbitalDistance>
                <orbitalTheta>25</orbitalTheta>
                <orbitalPhi>-29</orbitalPhi>
                <retrograde>false</retrograde>
                <avgTemperature>316</avgTemperature>
                <rotationalPeriod>123006</rotationalPeriod>
                <atmosphereDensity>16</atmosphereDensity>
                <generateCraters>true</generateCraters>
                <generateCaves>false</generateCaves>
                <generateVolcanos>false</generateVolcanos>
                <generateStructures>false</generateStructures>
                <generateGeodes>false</generateGeodes>
                <biomeIds>advancedrocketry:moon;30,advancedrocketry:moondark;30</biomeIds>
            </planet>
        </planet>
        <planet DIMID="39" name="Epsilon ire 39">
            <isKnown>false</isKnown>
            <fogColor>1.0,1.0,1.0</fogColor>
            <skyColor>0.8,0.97581697,0.12202108</skyColor>
            <gravitationalMultiplier>126</gravitationalMultiplier>
            <orbitalDistance>129</orbitalDistance>
            <orbitalTheta>305</orbitalTheta>
            <orbitalPhi>-70</orbitalPhi>
            <retrograde>false</retrograde>
            <avgTemperature>466</avgTemperature>
            <rotationalPeriod>11856</rotationalPeriod>
            <atmosphereDensity>137</atmosphereDensity>
            <generateCraters>false</generateCraters>
            <generateCaves>false</generateCaves>
            <generateVolcanos>true</generateVolcanos>
            <generateStructures>false</generateStructures>
            <generateGeodes>true</generateGeodes>
            <biomeIds>minecraft:mutated_desert;30,minecraft:jungle;30,minecraft:ocean;30,minecraft:mutated_savanna;30,advancedrocketry:oceanspires;30</biomeIds>
            <planet DIMID="40" name="Epsilon ire 39: 0">
                <isKnown>false</isKnown>
                <fogColor>1.0,1.0,1.0</fogColor>
                <skyColor>0.8,0.7930714,0.5526327</skyColor>
                <gravitationalMultiplier>51</gravitationalMultiplier>
                <orbitalDistance>186</orbitalDistance>
                <orbitalTheta>349</orbitalTheta>
                <orbitalPhi>-69</orbitalPhi>
                <retrograde>false</retrograde>
                <avgTemperature>318</avgTemperature>
                <rotationalPeriod>180925</rotationalPeriod>
                <atmosphereDensity>36</atmosphereDensity>
                <generateCraters>true</generateCraters>
                <generateCaves>false</generateCaves>
                <generateVolcanos>false</generateVolcanos>
                <generateStructures>false</generateStructures>
                <generateGeodes>false</generateGeodes>
                <biomeIds>advancedrocketry:crystalchasms;30,minecraft:taiga_cold_hills;30,minecraft:stone_beach;30,minecraft:mutated_redwood_taiga;30,lepidodendron:olivegrove;1</biomeIds>
            </planet>
            <oceanBlock>minecraft:lava</oceanBlock>
        </planet>
        <planet DIMID="41" name="Epsilon ire 41">
            <isKnown>false</isKnown>
            <fogColor>1.0,1.0,1.0</fogColor>
            <skyColor>0.8,0.8652541,0.0</skyColor>
            <gravitationalMultiplier>130</gravitationalMultiplier>
            <orbitalDistance>51</orbitalDistance>
            <orbitalTheta>132</orbitalTheta>
            <orbitalPhi>-11</orbitalPhi>
            <retrograde>false</retrograde>
            <avgTemperature>737</avgTemperature>
            <rotationalPeriod>10923</rotationalPeriod>
            <atmosphereDensity>134</atmosphereDensity>
            <generateCraters>false</generateCraters>
            <generateCaves>false</generateCaves>
            <generateVolcanos>true</generateVolcanos>
            <generateStructures>false</generateStructures>
            <generateGeodes>true</generateGeodes>
            <biomeIds>minecraft:mutated_mesa_clear_rock;30,minecraft:mutated_jungle;30,minecraft:jungle_edge;30,minecraft:mutated_savanna;30,advancedrocketry:oceanspires;30</biomeIds>
            <oceanBlock>minecraft:lava</oceanBlock>
        </planet>
        <planet DIMID="42" name="Epsilon ire 42">
            <isKnown>false</isKnown>
            <fogColor>1.0,1.0,1.0</fogColor>
            <skyColor>0.8,0.7123775,0.0</skyColor>
            <gravitationalMultiplier>130</gravitationalMultiplier>
            <orbitalDistance>80</orbitalDistance>
            <orbitalTheta>288</orbitalTheta>
            <orbitalPhi>-188</orbitalPhi>
            <retrograde>false</retrograde>
            <avgTemperature>486</avgTemperature>
            <rotationalPeriod>10923</rotationalPeriod>
            <atmosphereDensity>13</atmosphereDensity>
            <generateCraters>true</generateCraters>
            <generateCaves>false</generateCaves>
            <generateVolcanos>true</generateVolcanos>
            <generateStructures>false</generateStructures>
            <generateGeodes>false</generateGeodes>
            <biomeIds>advancedrocketry:moon;30,advancedrocketry:moondark;30</biomeIds>
            <planet DIMID="43" name="Epsilon ire 42: 0">
                <isKnown>false</isKnown>
                <fogColor>1.0,1.0,1.0</fogColor>
                <skyColor>0.8,0.70285547,0.30608964</skyColor>
                <gravitationalMultiplier>77</gravitationalMultiplier>
                <orbitalDistance>123</orbitalDistance>
                <orbitalTheta>318</orbitalTheta>
                <orbitalPhi>-8</orbitalPhi>
                <retrograde>false</retrograde>
                <avgTemperature>392</avgTemperature>
                <rotationalPeriod>52570</rotationalPeriod>
                <atmosphereDensity>25</atmosphereDensity>
                <generateCraters>true</generateCraters>
                <generateCaves>false</generateCaves>
                <generateVolcanos>false</generateVolcanos>
                <generateStructures>false</generateStructures>
                <generateGeodes>false</generateGeodes>
                <biomeIds>advancedrocketry:moon;30,advancedrocketry:moondark;30</biomeIds>
            </planet>
            <planet DIMID="44" name="Epsilon ire 42: 1">
                <isKnown>false</isKnown>
                <fogColor>1.0,1.0,1.0</fogColor>
                <skyColor>0.8,0.9907491,0.4229681</skyColor>
                <gravitationalMultiplier>43</gravitationalMultiplier>
                <orbitalDistance>133</orbitalDistance>
                <orbitalTheta>52</orbitalTheta>
                <orbitalPhi>-167</orbitalPhi>
                <retrograde>false</retrograde>
                <avgTemperature>377</avgTemperature>
                <rotationalPeriod>301860</rotationalPeriod>
                <atmosphereDensity>20</atmosphereDensity>
                <generateCraters>true</generateCraters>
                <generateCaves>false</generateCaves>
                <generateVolcanos>false</generateVolcanos>
                <generateStructures>false</generateStructures>
                <generateGeodes>false</generateGeodes>
                <biomeIds>advancedrocketry:moon;30,advancedrocketry:moondark;30</biomeIds>
            </planet>
            <oceanBlock>minecraft:lava</oceanBlock>
        </planet>
        <planet DIMID="45" name="Epsilon ire 45">
            <isKnown>false</isKnown>
            <fogColor>1.0,1.0,1.0</fogColor>
            <skyColor>0.8,0.69906753,0.035081267</skyColor>
            <gravitationalMultiplier>130</gravitationalMultiplier>
            <orbitalDistance>128</orbitalDistance>
            <orbitalTheta>252</orbitalTheta>
            <orbitalPhi>-71</orbitalPhi>
            <retrograde>false</retrograde>
            <avgTemperature>472</avgTemperature>
            <rotationalPeriod>10923</rotationalPeriod>
            <atmosphereDensity>143</atmosphereDensity>
            <generateCraters>false</generateCraters>
            <generateCaves>false</generateCaves>
            <generateVolcanos>true</generateVolcanos>
            <generateStructures>false</generateStructures>
            <generateGeodes>true</generateGeodes>
            <biomeIds>minecraft:mutated_desert;30,minecraft:mutated_mesa;30,minecraft:desert;30,minecraft:savanna;30,advancedrocketry:volcanicbarren;30</biomeIds>
            <planet DIMID="46" name="Epsilon ire 45: 0">
                <isKnown>false</isKnown>
                <fogColor>1.0,1.0,1.0</fogColor>
                <skyColor>0.8,0.5836087,0.25213885</skyColor>
                <gravitationalMultiplier>85</gravitationalMultiplier>
                <orbitalDistance>109</orbitalDistance>
                <orbitalTheta>251</orbitalTheta>
                <orbitalPhi>-161</orbitalPhi>
                <retrograde>false</retrograde>
                <avgTemperature>416</avgTemperature>
                <rotationalPeriod>39079</rotationalPeriod>
                <atmosphereDensity>27</atmosphereDensity>
                <generateCraters>true</generateCraters>
                <generateCaves>false</generateCaves>
                <generateVolcanos>false</generateVolcanos>
                <generateStructures>false</generateStructures>
                <generateGeodes>false</generateGeodes>
                <seaLevel>52</seaLevel>
                <biomeIds>advancedrocketry:volcanicbarren;30</biomeIds>
            </planet>
            <oceanBlock>minecraft:lava</oceanBlock>
        </planet>
    </star>
    <star blackHole="false" name="Proxima Centaurs" numGasGiants="0" numPlanets="0" size="1.0" temp="200" x="-150" y="250">
        <planet DIMID="49" name="Proxima Centaurs 49">
            <isKnown>false</isKnown>
            <fogColor>1.0,1.0,1.0</fogColor>
            <skyColor>0.8,0.9988978,0.0</skyColor>
            <gravitationalMultiplier>104</gravitationalMultiplier>
            <orbitalDistance>81</orbitalDistance>
            <orbitalTheta>119</orbitalTheta>
            <orbitalPhi>-42</orbitalPhi>
            <retrograde>false</retrograde>
            <avgTemperature>637</avgTemperature>
            <rotationalPeriod>20438</rotationalPeriod>
            <atmosphereDensity>99</atmosphereDensity>
            <generateCraters>false</generateCraters>
            <generateCaves>false</generateCaves>
            <generateVolcanos>true</generateVolcanos>
            <generateStructures>false</generateStructures>
            <generateGeodes>false</generateGeodes>
            <biomeIds>minecraft:mutated_mesa_rock;30,minecraft:frozen_ocean;30,minecraft:mutated_savanna;30,minecraft:mutated_jungle;30,minecraft:mutated_mesa;30</biomeIds>
            <planet DIMID="50" name="Proxima Centaurs 49: 0">
                <isKnown>false</isKnown>
                <fogColor>1.0,1.0,1.0</fogColor>
                <skyColor>0.8,0.5292483,0.18674153</skyColor>
                <gravitationalMultiplier>56</gravitationalMultiplier>
                <orbitalDistance>132</orbitalDistance>
                <orbitalTheta>282</orbitalTheta>
                <orbitalPhi>-83</orbitalPhi>
                <retrograde>false</retrograde>
                <avgTemperature>445</avgTemperature>
                <rotationalPeriod>136661</rotationalPeriod>
                <atmosphereDensity>18</atmosphereDensity>
                <generateCraters>true</generateCraters>
                <generateCaves>false</generateCaves>
                <generateVolcanos>false</generateVolcanos>
                <generateStructures>false</generateStructures>
                <generateGeodes>false</generateGeodes>
                <biomeIds>advancedrocketry:moon;30,advancedrocketry:moondark;30</biomeIds>
            </planet>
            <oceanBlock>minecraft:lava</oceanBlock>
        </planet>
        <planet DIMID="51" name="Proxima Centaurs 51">
            <isKnown>false</isKnown>
            <fogColor>1.0,1.0,1.0</fogColor>
            <skyColor>0.8,0.6785811,0.44884223</skyColor>
            <gravitationalMultiplier>108</gravitationalMultiplier>
            <orbitalDistance>214</orbitalDistance>
            <orbitalTheta>303</orbitalTheta>
            <orbitalPhi>-332</orbitalPhi>
            <retrograde>false</retrograde>
            <avgTemperature>349</avgTemperature>
            <rotationalPeriod>18789</rotationalPeriod>
            <atmosphereDensity>42</atmosphereDensity>
            <generateCraters>true</generateCraters>
            <generateCaves>false</generateCaves>
            <generateVolcanos>false</generateVolcanos>
            <generateStructures>false</generateStructures>
            <generateGeodes>false</generateGeodes>
            <biomeIds>minecraft:smaller_extreme_hills;30,minecraft:extreme_hills_with_trees;30,minecraft:mutated_jungle;30,minecraft:plains;10,minecraft:mutated_extreme_hills;30</biomeIds>
            <planet DIMID="52" name="Proxima Centaurs 51: 0">
                <isKnown>false</isKnown>
                <fogColor>1.0,1.0,1.0</fogColor>
                <skyColor>0.8,0.8565531,0.34507728</skyColor>
                <gravitationalMultiplier>47</gravitationalMultiplier>
                <orbitalDistance>163</orbitalDistance>
                <orbitalTheta>196</orbitalTheta>
                <orbitalPhi>-54</orbitalPhi>
                <retrograde>false</retrograde>
                <avgTemperature>400</avgTemperature>
                <rotationalPeriod>231162</rotationalPeriod>
                <atmosphereDensity>22</atmosphereDensity>
                <generateCraters>true</generateCraters>
                <generateCaves>false</generateCaves>
                <generateVolcanos>false</generateVolcanos>
                <generateStructures>false</generateStructures>
                <generateGeodes>false</generateGeodes>
                <biomeIds>advancedrocketry:moon;30,advancedrocketry:moondark;30</biomeIds>
            </planet>
            <planet DIMID="53" name="Proxima Centaurs 51: 1">
                <isKnown>false</isKnown>
                <fogColor>1.0,1.0,1.0</fogColor>
                <skyColor>0.8,0.73819697,0.1590898</skyColor>
                <gravitationalMultiplier>64</gravitationalMultiplier>
                <orbitalDistance>131</orbitalDistance>
                <orbitalTheta>248</orbitalTheta>
                <orbitalPhi>-242</orbitalPhi>
                <retrograde>false</retrograde>
                <avgTemperature>447</avgTemperature>
                <rotationalPeriod>91552</rotationalPeriod>
                <atmosphereDensity>18</atmosphereDensity>
                <generateCraters>true</generateCraters>
                <generateCaves>false</generateCaves>
                <generateVolcanos>false</generateVolcanos>
                <generateStructures>false</generateStructures>
                <generateGeodes>false</generateGeodes>
                <biomeIds>advancedrocketry:moon;30,advancedrocketry:moondark;30</biomeIds>
            </planet>
        </planet>
        <planet DIMID="47" name="Proxima Centaurs 47">
            <isKnown>false</isKnown>
            <fogColor>1.0,1.0,1.0</fogColor>
            <skyColor>0.8,0.8281497,0.0</skyColor>
            <gravitationalMultiplier>120</gravitationalMultiplier>
            <orbitalDistance>2</orbitalDistance>
            <orbitalTheta>4</orbitalTheta>
            <orbitalPhi>32</orbitalPhi>
            <retrograde>false</retrograde>
            <avgTemperature>4640</avgTemperature>
            <rotationalPeriod>13716</rotationalPeriod>
            <atmosphereDensity>169</atmosphereDensity>
            <generateCraters>false</generateCraters>
            <generateCaves>false</generateCaves>
            <generateVolcanos>true</generateVolcanos>
            <generateStructures>false</generateStructures>
            <generateGeodes>true</generateGeodes>
            <biomeIds>advancedrocketry:oceanspires;30,minecraft:mutated_mesa;30,advancedrocketry:marsh;30,minecraft:mutated_savanna;30,minecraft:jungle_edge;30</biomeIds>
            <planet DIMID="48" name="Proxima Centaurs 47: 0">
                <isKnown>false</isKnown>
                <fogColor>1.0,1.0,1.0</fogColor>
                <skyColor>0.8,0.55586344,0.35962188</skyColor>
                <gravitationalMultiplier>52</gravitationalMultiplier>
                <orbitalDistance>166</orbitalDistance>
                <orbitalTheta>76</orbitalTheta>
                <orbitalPhi>111</orbitalPhi>
                <retrograde>false</retrograde>
                <avgTemperature>397</avgTemperature>
                <rotationalPeriod>170687</rotationalPeriod>
                <atmosphereDensity>30</atmosphereDensity>
                <generateCraters>true</generateCraters>
                <generateCaves>false</generateCaves>
                <generateVolcanos>false</generateVolcanos>
                <generateStructures>false</generateStructures>
                <generateGeodes>false</generateGeodes>
                <biomeIds>minecraft:mushroom_island;30</biomeIds>
            </planet>
            <oceanBlock>minecraft:lava</oceanBlock>
        </planet>
    </star>
    <star blackHole="false" name="Magnis Vulpes" numGasGiants="0" numPlanets="0" size="1.0" temp="70" x="-150" y="-250">
        <planet DIMID="54" name="Magnis Vulpes 54">
            <isKnown>false</isKnown>
            <fogColor>1.0,1.0,1.0</fogColor>
            <skyColor>0.8,0.60887057,0.84159374</skyColor>
            <gravitationalMultiplier>130</gravitationalMultiplier>
            <orbitalDistance>92</orbitalDistance>
            <orbitalTheta>89</orbitalTheta>
            <orbitalPhi>-115</orbitalPhi>
            <retrograde>false</retrograde>
            <avgTemperature>232</avgTemperature>
            <rotationalPeriod>10923</rotationalPeriod>
            <atmosphereDensity>150</atmosphereDensity>
            <generateCraters>false</generateCraters>
            <generateCaves>false</generateCaves>
            <generateVolcanos>false</generateVolcanos>
            <generateStructures>false</generateStructures>
            <generateGeodes>true</generateGeodes>
            <biomeIds>warpdrive:space;30,minecraft:deep_ocean;30,minecraft:beaches;30,minecraft:desert_hills;30,minecraft:savanna_rock;30</biomeIds>
            <planet DIMID="55" name="Magnis Vulpes 54: 0">
                <isKnown>false</isKnown>
                <fogColor>1.0,1.0,1.0</fogColor>
                <skyColor>0.75756574,0.9857737,1.0</skyColor>
                <gravitationalMultiplier>88</gravitationalMultiplier>
                <orbitalDistance>116</orbitalDistance>
                <orbitalTheta>343</orbitalTheta>
                <orbitalPhi>-130</orbitalPhi>
                <retrograde>false</retrograde>
                <avgTemperature>166</avgTemperature>
                <rotationalPeriod>35217</rotationalPeriod>
                <atmosphereDensity>31</atmosphereDensity>
                <generateCraters>true</generateCraters>
                <generateCaves>false</generateCaves>
                <generateVolcanos>false</generateVolcanos>
                <generateStructures>false</generateStructures>
                <generateGeodes>false</generateGeodes>
                <biomeIds>minecraft:mutated_jungle_edge;30,minecraft:mutated_roofed_forest;30,minecraft:mushroom_island_shore;30,minecraft:mushroom_island;30,wyrmsofnyrus:creeped_lands;30</biomeIds>
            </planet>
        </planet>
        <planet DIMID="56" name="Magnis Vulpes 56">
            <isKnown>false</isKnown>
            <fogColor>1.0,1.0,1.0</fogColor>
            <skyColor>0.7495861,0.79547846,1.0</skyColor>
            <gravitationalMultiplier>130</gravitationalMultiplier>
            <orbitalDistance>150</orbitalDistance>
            <orbitalTheta>43</orbitalTheta>
            <orbitalPhi>-63</orbitalPhi>
            <retrograde>false</retrograde>
            <avgTemperature>149</avgTemperature>
            <rotationalPeriod>10923</rotationalPeriod>
            <atmosphereDensity>69</atmosphereDensity>
            <generateCraters>true</generateCraters>
            <generateCaves>false</generateCaves>
            <generateVolcanos>false</generateVolcanos>
            <generateStructures>false</generateStructures>
            <generateGeodes>false</generateGeodes>
            <biomeIds>wyrmsofnyrus:creeped_lands;30,minecraft:forest;10,advancedrocketry:crystalchasms;30,minecraft:jungle;30,minecraft:mutated_savanna;30</biomeIds>
            <planet DIMID="57" name="Magnis Vulpes 56: 0">
                <isKnown>false</isKnown>
                <fogColor>1.0,1.0,1.0</fogColor>
                <skyColor>0.7542727,0.96537423,1.0</skyColor>
                <gravitationalMultiplier>51</gravitationalMultiplier>
                <orbitalDistance>139</orbitalDistance>
                <orbitalTheta>344</orbitalTheta>
                <orbitalPhi>-92</orbitalPhi>
                <retrograde>false</retrograde>
                <avgTemperature>151</avgTemperature>
                <rotationalPeriod>180925</rotationalPeriod>
                <atmosphereDensity>17</atmosphereDensity>
                <generateCraters>true</generateCraters>
                <generateCaves>false</generateCaves>
                <generateVolcanos>false</generateVolcanos>
                <generateStructures>false</generateStructures>
                <generateGeodes>false</generateGeodes>
                <biomeIds>advancedrocketry:moon;30,advancedrocketry:moondark;30</biomeIds>
            </planet>
            <planet DIMID="58" name="Magnis Vulpes 56: 1">
                <isKnown>false</isKnown>
                <fogColor>1.0,1.0,1.0</fogColor>
                <skyColor>0.6989496,0.87045705,1.0</skyColor>
                <gravitationalMultiplier>74</gravitationalMultiplier>
                <orbitalDistance>179</orbitalDistance>
                <orbitalTheta>221</orbitalTheta>
                <orbitalPhi>-90</orbitalPhi>
                <retrograde>false</retrograde>
                <avgTemperature>133</avgTemperature>
                <rotationalPeriod>59226</rotationalPeriod>
                <atmosphereDensity>29</atmosphereDensity>
                <generateCraters>true</generateCraters>
                <generateCaves>false</generateCaves>
                <generateVolcanos>false</generateVolcanos>
                <generateStructures>false</generateStructures>
                <generateGeodes>false</generateGeodes>
                <biomeIds>minecraft:birch_forest_hills;30,minecraft:stone_beach;30,minecraft:mutated_swampland;30,minecraft:smaller_extreme_hills;30,minecraft:ocean;30</biomeIds>
            </planet>
        </planet>
    </star>
    <star blackHole="false" name="Ma-Roo" numGasGiants="0" numPlanets="0" size="1.0" temp="200" x="50" y="-250">
        <planet DIMID="65" name="Ma-Roo 65">
            <isKnown>false</isKnown>
            <fogColor>1.0,1.0,1.0</fogColor>
            <skyColor>0.8,0.6579015,0.0</skyColor>
            <gravitationalMultiplier>130</gravitationalMultiplier>
            <orbitalDistance>152</orbitalDistance>
            <orbitalTheta>345</orbitalTheta>
            <orbitalPhi>-303</orbitalPhi>
            <retrograde>false</retrograde>
            <avgTemperature>503</avgTemperature>
            <rotationalPeriod>10923</rotationalPeriod>
            <atmosphereDensity>135</atmosphereDensity>
            <generateCraters>false</generateCraters>
            <generateCaves>false</generateCaves>
            <generateVolcanos>true</generateVolcanos>
            <generateStructures>false</generateStructures>
            <generateGeodes>true</generateGeodes>
            <biomeIds>minecraft:mutated_desert;30,minecraft:mutated_mesa_rock;30,minecraft:mutated_jungle_edge;30,minecraft:desert;30,minecraft:jungle_hills;30</biomeIds>
            <oceanBlock>minecraft:lava</oceanBlock>
        </planet>
        <planet DIMID="66" name="Ma-Roo 66">
            <isKnown>false</isKnown>
            <fogColor>1.0,1.0,1.0</fogColor>
            <skyColor>0.8,0.6359204,0.0</skyColor>
            <gravitationalMultiplier>125</gravitationalMultiplier>
            <orbitalDistance>37</orbitalDistance>
            <orbitalTheta>313</orbitalTheta>
            <orbitalPhi>-74</orbitalPhi>
            <retrograde>false</retrograde>
            <avgTemperature>841</avgTemperature>
            <rotationalPeriod>12141</rotationalPeriod>
            <atmosphereDensity>59</atmosphereDensity>
            <generateCraters>true</generateCraters>
            <generateCaves>false</generateCaves>
            <generateVolcanos>true</generateVolcanos>
            <generateStructures>false</generateStructures>
            <generateGeodes>false</generateGeodes>
            <biomeIds>minecraft:desert_hills;30,minecraft:jungle;30,minecraft:mutated_savanna_rock;30,minecraft:mutated_mesa;30,minecraft:mutated_savanna;30</biomeIds>
            <planet DIMID="67" name="Ma-Roo 66: 0">
                <isKnown>false</isKnown>
                <fogColor>1.0,1.0,1.0</fogColor>
                <skyColor>0.8,0.80922806,0.46310568</skyColor>
                <gravitationalMultiplier>67</gravitationalMultiplier>
                <orbitalDistance>192</orbitalDistance>
                <orbitalTheta>280</orbitalTheta>
                <orbitalPhi>-59</orbitalPhi>
                <retrograde>false</retrograde>
                <avgTemperature>369</avgTemperature>
                <rotationalPeriod>79797</rotationalPeriod>
                <atmosphereDensity>20</atmosphereDensity>
                <generateCraters>true</generateCraters>
                <generateCaves>false</generateCaves>
                <generateVolcanos>false</generateVolcanos>
                <generateStructures>false</generateStructures>
                <generateGeodes>false</generateGeodes>
                <biomeIds>advancedrocketry:moon;30,advancedrocketry:moondark;30</biomeIds>
            </planet>
            <oceanBlock>minecraft:lava</oceanBlock>
        </planet>
        <planet DIMID="68" name="Ma-Roo 68">
            <isKnown>false</isKnown>
            <fogColor>1.0,1.0,1.0</fogColor>
            <skyColor>0.8,0.9239314,0.0</skyColor>
            <gravitationalMultiplier>124</gravitationalMultiplier>
            <orbitalDistance>88</orbitalDistance>
            <orbitalTheta>124</orbitalTheta>
            <orbitalPhi>-46</orbitalPhi>
            <retrograde>false</retrograde>
            <avgTemperature>545</avgTemperature>
            <rotationalPeriod>12436</rotationalPeriod>
            <atmosphereDensity>14</atmosphereDensity>
            <generateCraters>true</generateCraters>
            <generateCaves>false</generateCaves>
            <generateVolcanos>true</generateVolcanos>
            <generateStructures>false</generateStructures>
            <generateGeodes>false</generateGeodes>
            <biomeIds>advancedrocketry:moon;30,advancedrocketry:moondark;30</biomeIds>
            <planet DIMID="69" name="Ma-Roo 68: 0">
                <isKnown>false</isKnown>
                <fogColor>1.0,1.0,1.0</fogColor>
                <skyColor>0.8,0.69040924,0.4604094</skyColor>
                <gravitationalMultiplier>68</gravitationalMultiplier>
                <orbitalDistance>193</orbitalDistance>
                <orbitalTheta>247</orbitalTheta>
                <orbitalPhi>13</orbitalPhi>
                <retrograde>false</retrograde>
                <avgTemperature>368</avgTemperature>
                <rotationalPeriod>76328</rotationalPeriod>
                <atmosphereDensity>20</atmosphereDensity>
                <generateCraters>true</generateCraters>
                <generateCaves>false</generateCaves>
                <generateVolcanos>false</generateVolcanos>
                <generateStructures>false</generateStructures>
                <generateGeodes>false</generateGeodes>
                <biomeIds>advancedrocketry:moon;30,advancedrocketry:moondark;30</biomeIds>
            </planet>
            <planet DIMID="70" name="Ma-Roo 68: 1">
                <isKnown>false</isKnown>
                <fogColor>1.0,1.0,1.0</fogColor>
                <skyColor>0.8,0.6964737,0.102570295</skyColor>
                <gravitationalMultiplier>62</gravitationalMultiplier>
                <orbitalDistance>116</orbitalDistance>
                <orbitalTheta>269</orbitalTheta>
                <orbitalPhi>-3</orbitalPhi>
                <retrograde>false</retrograde>
                <avgTemperature>475</avgTemperature>
                <rotationalPeriod>100701</rotationalPeriod>
                <atmosphereDensity>31</atmosphereDensity>
                <generateCraters>true</generateCraters>
                <generateCaves>false</generateCaves>
                <generateVolcanos>true</generateVolcanos>
                <generateStructures>false</generateStructures>
                <generateGeodes>false</generateGeodes>
                <biomeIds>minecraft:mutated_mesa;30,minecraft:savanna;30,minecraft:savanna_rock;30,minecraft:mutated_jungle_edge;30,minecraft:jungle;30</biomeIds>
                <oceanBlock>minecraft:lava</oceanBlock>
            </planet>
            <planet DIMID="71" name="Ma-Roo 68: 2">
                <isKnown>false</isKnown>
                <fogColor>1.0,1.0,1.0</fogColor>
                <skyColor>0.8,0.81310034,0.21119559</skyColor>
                <gravitationalMultiplier>40</gravitationalMultiplier>
                <orbitalDistance>148</orbitalDistance>
                <orbitalTheta>258</orbitalTheta>
                <orbitalPhi>-47</orbitalPhi>
                <retrograde>false</retrograde>
                <avgTemperature>420</avgTemperature>
                <rotationalPeriod>375000</rotationalPeriod>
                <atmosphereDensity>29</atmosphereDensity>
                <generateCraters>true</generateCraters>
                <generateCaves>false</generateCaves>
                <generateVolcanos>false</generateVolcanos>
                <generateStructures>false</generateStructures>
                <generateGeodes>false</generateGeodes>
                <biomeIds>minecraft:desert_hills;30</biomeIds>
            </planet>
            <oceanBlock>minecraft:lava</oceanBlock>
        </planet>
        <planet DIMID="59" name="Ma-Roo 59">
            <isKnown>false</isKnown>
            <fogColor>1.0,1.0,1.0</fogColor>
            <skyColor>0.8,0.6723084,0.0</skyColor>
            <gravitationalMultiplier>130</gravitationalMultiplier>
            <orbitalDistance>77</orbitalDistance>
            <orbitalTheta>38</orbitalTheta>
            <orbitalPhi>-43</orbitalPhi>
            <retrograde>false</retrograde>
            <avgTemperature>769</avgTemperature>
            <rotationalPeriod>10923</rotationalPeriod>
            <atmosphereDensity>189</atmosphereDensity>
            <generateCraters>false</generateCraters>
            <generateCaves>false</generateCaves>
            <generateVolcanos>true</generateVolcanos>
            <generateStructures>false</generateStructures>
            <generateGeodes>true</generateGeodes>
            <biomeIds>advancedrocketry:oceanspires;30,minecraft:mutated_savanna_rock;30,minecraft:deep_ocean;30,minecraft:desert;30,minecraft:desert_hills;30</biomeIds>
            <planet DIMID="60" name="Ma-Roo 59: 0">
                <isKnown>false</isKnown>
                <fogColor>1.0,1.0,1.0</fogColor>
                <skyColor>0.8,0.55739415,0.18282175</skyColor>
                <gravitationalMultiplier>70</gravitationalMultiplier>
                <orbitalDistance>143</orbitalDistance>
                <orbitalTheta>154</orbitalTheta>
                <orbitalPhi>-317</orbitalPhi>
                <retrograde>false</retrograde>
                <avgTemperature>427</avgTemperature>
                <rotationalPeriod>69970</rotationalPeriod>
                <atmosphereDensity>21</atmosphereDensity>
                <generateCraters>true</generateCraters>
                <generateCaves>false</generateCaves>
                <generateVolcanos>false</generateVolcanos>
                <generateStructures>false</generateStructures>
                <generateGeodes>false</generateGeodes>
                <biomeIds>advancedrocketry:moon;30,advancedrocketry:moondark;30</biomeIds>
            </planet>
            <oceanBlock>minecraft:lava</oceanBlock>
        </planet>
        <planet DIMID="61" name="Ma-Roo 61">
            <isKnown>false</isKnown>
            <fogColor>1.0,1.0,1.0</fogColor>
            <skyColor>0.8,0.59104514,0.18180579</skyColor>
            <gravitationalMultiplier>130</gravitationalMultiplier>
            <orbitalDistance>142</orbitalDistance>
            <orbitalTheta>274</orbitalTheta>
            <orbitalPhi>48</orbitalPhi>
            <retrograde>false</retrograde>
            <avgTemperature>440</avgTemperature>
            <rotationalPeriod>10923</rotationalPeriod>
            <atmosphereDensity>69</atmosphereDensity>
            <generateCraters>true</generateCraters>
            <generateCaves>false</generateCaves>
            <generateVolcanos>false</generateVolcanos>
            <generateStructures>false</generateStructures>
            <generateGeodes>false</generateGeodes>
            <biomeIds>minecraft:mutated_mesa_rock;30,minecraft:beaches;30,minecraft:desert;30,minecraft:mutated_plains;30,minecraft:ocean;30</biomeIds>
        </planet>
        <planet DIMID="62" name="Ma-Roo 62">
            <isKnown>false</isKnown>
            <fogColor>1.0,1.0,1.0</fogColor>
            <skyColor>0.8,0.5809628,0.27393734</skyColor>
            <gravitationalMultiplier>130</gravitationalMultiplier>
            <orbitalDistance>159</orbitalDistance>
            <orbitalTheta>270</orbitalTheta>
            <orbitalPhi>-305</orbitalPhi>
            <retrograde>false</retrograde>
            <avgTemperature>405</avgTemperature>
            <rotationalPeriod>10923</rotationalPeriod>
            <atmosphereDensity>10</atmosphereDensity>
            <generateCraters>true</generateCraters>
            <generateCaves>false</generateCaves>
            <generateVolcanos>false</generateVolcanos>
            <generateStructures>false</generateStructures>
            <generateGeodes>false</generateGeodes>
            <biomeIds>advancedrocketry:moon;30,advancedrocketry:moondark;30</biomeIds>
            <planet DIMID="64" name="Ma-Roo 62: 1">
                <isKnown>false</isKnown>
                <fogColor>1.0,1.0,1.0</fogColor>
                <skyColor>0.8,0.8328632,0.4714079</skyColor>
                <gravitationalMultiplier>87</gravitationalMultiplier>
                <orbitalDistance>193</orbitalDistance>
                <orbitalTheta>146</orbitalTheta>
                <orbitalPhi>-352</orbitalPhi>
                <retrograde>false</retrograde>
                <avgTemperature>368</avgTemperature>
                <rotationalPeriod>36446</rotationalPeriod>
                <atmosphereDensity>24</atmosphereDensity>
                <generateCraters>true</generateCraters>
                <generateCaves>false</generateCaves>
                <generateVolcanos>false</generateVolcanos>
                <generateStructures>false</generateStructures>
                <generateGeodes>false</generateGeodes>
                <biomeIds>advancedrocketry:moon;30,advancedrocketry:moondark;30</biomeIds>
            </planet>
            <planet DIMID="63" name="Ma-Roo 62: 0">
                <isKnown>false</isKnown>
                <fogColor>1.0,1.0,1.0</fogColor>
                <skyColor>0.8,0.86673594,0.10730642</skyColor>
                <gravitationalMultiplier>65</gravitationalMultiplier>
                <orbitalDistance>120</orbitalDistance>
                <orbitalTheta>132</orbitalTheta>
                <orbitalPhi>-329</orbitalPhi>
                <retrograde>false</retrograde>
                <avgTemperature>467</avgTemperature>
                <rotationalPeriod>87391</rotationalPeriod>
                <atmosphereDensity>18</atmosphereDensity>
                <generateCraters>true</generateCraters>
                <generateCaves>false</generateCaves>
                <generateVolcanos>true</generateVolcanos>
                <generateStructures>false</generateStructures>
                <generateGeodes>false</generateGeodes>
                <biomeIds>advancedrocketry:moon;30,advancedrocketry:moondark;30</biomeIds>
                <oceanBlock>minecraft:lava</oceanBlock>
            </planet>
        </planet>
    </star>
    <star blackHole="false" name="Alykitt" numGasGiants="0" numPlanets="0" size="1.0" temp="120" x="75" y="200">
        <planet DIMID="72" name="Alykitt 72">
            <isKnown>false</isKnown>
            <GasGiant>true</GasGiant>
            <gas>nitrogen</gas>
            <gas>oxygen</gas>
            <fogColor>1.0,1.0,1.0</fogColor>
            <skyColor>1.0,1.0,1.0</skyColor>
            <gravitationalMultiplier>98</gravitationalMultiplier>
            <orbitalDistance>217</orbitalDistance>
            <orbitalTheta>0</orbitalTheta>
            <orbitalPhi>0</orbitalPhi>
            <retrograde>false</retrograde>
            <avgTemperature>260</avgTemperature>
            <rotationalPeriod>24000</rotationalPeriod>
            <atmosphereDensity>153</atmosphereDensity>
            <generateCraters>false</generateCraters>
            <generateCaves>false</generateCaves>
            <generateVolcanos>false</generateVolcanos>
            <generateStructures>false</generateStructures>
            <generateGeodes>false</generateGeodes>
        </planet>
        <planet DIMID="73" name="Alykitt 73">
            <isKnown>false</isKnown>
            <fogColor>1.0,1.0,1.0</fogColor>
            <skyColor>0.8,0.9457021,0.21095788</skyColor>
            <gravitationalMultiplier>119</gravitationalMultiplier>
            <orbitalDistance>88</orbitalDistance>
            <orbitalTheta>68</orbitalTheta>
            <orbitalPhi>30</orbitalPhi>
            <retrograde>false</retrograde>
            <avgTemperature>427</avgTemperature>
            <rotationalPeriod>14063</rotationalPeriod>
            <atmosphereDensity>182</atmosphereDensity>
            <generateCraters>false</generateCraters>
            <generateCaves>false</generateCaves>
            <generateVolcanos>false</generateVolcanos>
            <generateStructures>true</generateStructures>
            <generateGeodes>true</generateGeodes>
            <biomeIds>advancedrocketry:volcanicbarren;30</biomeIds>
            <planet DIMID="74" name="Alykitt 73: 0">
                <isKnown>false</isKnown>
                <fogColor>1.0,1.0,1.0</fogColor>
                <skyColor>0.8,0.65036714,0.6378839</skyColor>
                <gravitationalMultiplier>47</gravitationalMultiplier>
                <orbitalDistance>108</orbitalDistance>
                <orbitalTheta>94</orbitalTheta>
                <orbitalPhi>-102</orbitalPhi>
                <retrograde>false</retrograde>
                <avgTemperature>295</avgTemperature>
                <rotationalPeriod>231162</rotationalPeriod>
                <atmosphereDensity>24</atmosphereDensity>
                <generateCraters>true</generateCraters>
                <generateCaves>false</generateCaves>
                <generateVolcanos>false</generateVolcanos>
                <generateStructures>false</generateStructures>
                <generateGeodes>false</generateGeodes>
                <biomeIds>advancedrocketry:moon;30,advancedrocketry:moondark;30</biomeIds>
            </planet>
        </planet>
        <planet DIMID="75" name="Alykitt 75">
            <isKnown>false</isKnown>
            <fogColor>1.0,1.0,1.0</fogColor>
            <skyColor>0.8,0.92424464,0.42512524</skyColor>
            <gravitationalMultiplier>97</gravitationalMultiplier>
            <orbitalDistance>101</orbitalDistance>
            <orbitalTheta>246</orbitalTheta>
            <orbitalPhi>-177</orbitalPhi>
            <retrograde>false</retrograde>
            <avgTemperature>375</avgTemperature>
            <rotationalPeriod>25893</rotationalPeriod>
            <atmosphereDensity>143</atmosphereDensity>
            <generateCraters>false</generateCraters>
            <generateCaves>false</generateCaves>
            <generateVolcanos>false</generateVolcanos>
            <generateStructures>true</generateStructures>
            <generateGeodes>true</generateGeodes>
            <biomeIds>minecraft:mesa;30,minecraft:roofed_forest;10,minecraft:ocean;30,minecraft:birch_forest_hills;30,minecraft:jungle_edge;30</biomeIds>
        </planet>
        <planet DIMID="76" name="Alykitt 76">
            <isKnown>false</isKnown>
            <fogColor>1.0,1.0,1.0</fogColor>
            <skyColor>0.8,0.98884654,0.9219826</skyColor>
            <gravitationalMultiplier>124</gravitationalMultiplier>
            <orbitalDistance>193</orbitalDistance>
            <orbitalTheta>196</orbitalTheta>
            <orbitalPhi>170</orbitalPhi>
            <retrograde>false</retrograde>
            <avgTemperature>220</avgTemperature>
            <rotationalPeriod>12436</rotationalPeriod>
            <atmosphereDensity>11</atmosphereDensity>
            <generateCraters>true</generateCraters>
            <generateCaves>false</generateCaves>
            <generateVolcanos>false</generateVolcanos>
            <generateStructures>false</generateStructures>
            <generateGeodes>false</generateGeodes>
            <biomeIds>advancedrocketry:moon;30,advancedrocketry:moondark;30</biomeIds>
            <planet DIMID="77" name="Alykitt 76: 0">
                <isKnown>false</isKnown>
                <fogColor>1.0,1.0,1.0</fogColor>
                <skyColor>0.8,0.9244431,0.8499312</skyColor>
                <gravitationalMultiplier>77</gravitationalMultiplier>
                <orbitalDistance>147</orbitalDistance>
                <orbitalTheta>114</orbitalTheta>
                <orbitalPhi>-118</orbitalPhi>
                <retrograde>false</retrograde>
                <avgTemperature>253</avgTemperature>
                <rotationalPeriod>52570</rotationalPeriod>
                <atmosphereDensity>35</atmosphereDensity>
                <generateCraters>true</generateCraters>
                <generateCaves>false</generateCaves>
                <generateVolcanos>false</generateVolcanos>
                <generateStructures>false</generateStructures>
                <generateGeodes>false</generateGeodes>
                <biomeIds>minecraft:mutated_birch_forest_hills;30,minecraft:beaches;30,warpdrive:space;30,minecraft:mutated_savanna_rock;30,minecraft:mutated_extreme_hills;30</biomeIds>
            </planet>
        </planet>
    </star>
</galaxy>
