{
  "questSettings:10": {
    "betterquesting:10": {
      "pack_name:8": "",
      "pack_version:3": 0,
      "party_enable:1": 1,
      "editmode:1": 0,
      "hardcore:1": 0,
      "livesdef:3": 3,
      "livesmax:3": 10,
      "home_image:8": "betterquesting:textures/gui/default_title.png",
      "home_anchor_x:5": 0.5,
      "home_anchor_y:5": 0.0,
      "home_offset_x:3": -128,
      "home_offset_y:3": 0
    }
  },
  "questDatabase:9": {},
  "questLines:9": {},
  "format:8": "2.0.0",
  "build:8": "3.5.329"
}