{
  "computercraft:recipes/advanced_monitor": {
    "criteria": {
      "has_advanced": "2023-12-18 18:36:39 -0600"
    },
    "done": true
  },
  "computercraft:recipes/advanced_turtle": {
    "criteria": {
      "has_advanced": "2023-12-18 18:36:39 -0600"
    },
    "done": true
  },
  "computercraft:recipes/wireless_modem": {
    "criteria": {
      "has_advanced": "2023-12-18 18:36:39 -0600"
    },
    "done": true
  },
  "wyrmsofnyrus:root": {
    "criteria": {
      "tick": "2023-12-18 17:52:18 -0600"
    },
    "done": true
  },
  "lepidodendron:pf_base_adv": {
    "criteria": {
      "tick": "2023-12-18 17:52:18 -0600"
    },
    "done": true
  },
  "minecraft:end/root": {
    "criteria": {
      "entered_end": "2023-12-18 19:29:41 -0600"
    },
    "done": true
  },
  "computercraft:recipes/normal_monitor": {
    "criteria": {
      "has_advanced": "2023-12-18 18:36:39 -0600"
    },
    "done": true
  },
  "nocubessrpsurvival:advparasitesurvivalroot": {
    "criteria": {
      "advparasitesurvivalroot": "2023-12-18 17:52:18 -0600"
    },
    "done": true
  },
  "computercraft:recipes/skull_cloudy": {
    "criteria": {
      "has_advanced": "2023-12-18 18:36:39 -0600"
    },
    "done": true
  },
  "minecraft:story/enter_the_end": {
    "criteria": {
      "entered_end": "2023-12-18 19:29:41 -0600"
    },
    "done": true
  },
  "enderio:root": {
    "criteria": {
      "location": "2023-12-18 17:52:18 -0600"
    },
    "done": true
  },
  "computercraft:recipes/printer": {
    "criteria": {
      "has_advanced": "2023-12-18 18:36:39 -0600"
    },
    "done": true
  },
  "lepidodendron:pf_base_adv_knowledge": {
    "criteria": {
      "tick": "2023-12-18 17:52:18 -0600"
    },
    "done": true
  },
  "minecraft:adventure/adventuring_time": {
    "criteria": {
      "plains": "2023-12-18 17:52:18 -0600"
    },
    "done": false
  },
  "computercraft:recipes/advanced_pocket_computer": {
    "criteria": {
      "has_advanced": "2023-12-18 18:36:39 -0600"
    },
    "done": true
  },
  "lepidodendron:pf_palaeopedia_given": {
    "criteria": {
      "pf_trigger": "2023-12-18 17:52:17 -0600"
    },
    "done": true
  },
  "minecraft:recipes/decorations/chest": {
    "criteria": {
      "has_lots_of_items": "2023-12-18 19:20:04 -0600"
    },
    "done": true
  },
  "nocubessrparmory:advsrparmoryroot": {
    "criteria": {
      "advsrparmoryroot": "2023-12-18 17:52:18 -0600"
    },
    "done": true
  },
  "nocubessrpnests:advsrpnestsaddonroot": {
    "criteria": {
      "advsrpnestsaddonroot": "2023-12-18 17:52:18 -0600"
    },
    "done": true
  },
  "computercraft:recipes/cable": {
    "criteria": {
      "has_advanced": "2023-12-18 18:36:39 -0600"
    },
    "done": true
  },
  "computercraft:recipes/speaker": {
    "criteria": {
      "has_advanced": "2023-12-18 18:36:39 -0600"
    },
    "done": true
  },
  "computercraft:recipes/ender_modem": {
    "criteria": {
      "has_advanced": "2023-12-18 18:36:39 -0600"
    },
    "done": true
  },
  "computercraft:recipes/skull_dan200": {
    "criteria": {
      "has_advanced": "2023-12-18 18:36:39 -0600"
    },
    "done": true
  },
  "computercraft:recipes/normal_pocket_computer": {
    "criteria": {
      "has_advanced": "2023-12-18 18:36:39 -0600"
    },
    "done": true
  },
  "computercraft:recipes/wired_modem": {
    "criteria": {
      "has_advanced": "2023-12-18 18:36:39 -0600"
    },
    "done": true
  },
  "computercraft:recipes/disk_drive": {
    "criteria": {
      "has_advanced": "2023-12-18 18:36:39 -0600"
    },
    "done": true
  }
}