{
  "build:8": "4.1.0",
  "format:8": "2.0.0",
  "questDatabase:9": {
    "0:10": {
      "preRequisites:11": [
        0
      ],
      "properties:10": {
        "betterquesting:10": {
          "autoclaim:1": 0,
          "desc:8": "You woke up here, you have no memory of what happened before or what this world has come too. All you have is a §1§2Strange Pendant",
          "globalshare:1": 0,
          "icon:10": {
            "Count:3": 0,
            "Damage:2": 0,
            "OreDict:8": "",
            "id:8": "minecraft:air"
          },
          "ignoresview:1": 0,
          "ismain:1": 0,
          "issilent:1": 0,
          "lockedprogress:1": 0,
          "name:8": "New Start",
          "questlogic:8": "AND",
          "repeat_relative:1": 1,
          "repeattime:3": -1,
          "simultaneous:1": 0,
          "snd_complete:8": "minecraft:entity.player.levelup",
          "snd_update:8": "minecraft:entity.player.levelup",
          "tasklogic:8": "AND",
          "visibility:8": "NORMAL"
        }
      },
      "questID:3": 0,
      "rewards:9": {},
      "tasks:9": {}
    },
    "1:10": {
      "preRequisites:11": [],
      "properties:10": {
        "betterquesting:10": {
          "autoclaim:1": 0,
          "desc:8": "Rocks Are Cool\n\nRocks are Essential to creating Basic Tools",
          "globalshare:1": 0,
          "icon:10": {
            "Count:3": 1,
            "Damage:2": 0,
            "OreDict:8": "rock",
            "id:8": "betterquesting:placeholder",
            "tag:10": {
              "orig_id:8": "notreepunching:rock/stone",
              "orig_meta:3": 0
            }
          },
          "ignoresview:1": 0,
          "ismain:1": 0,
          "issilent:1": 0,
          "lockedprogress:1": 0,
          "name:8": "Collecting Rocks",
          "questlogic:8": "AND",
          "repeat_relative:1": 1,
          "repeattime:3": -1,
          "simultaneous:1": 0,
          "snd_complete:8": "minecraft:entity.player.levelup",
          "snd_update:8": "minecraft:entity.player.levelup",
          "tasklogic:8": "AND",
          "visibility:8": "NORMAL"
        }
      },
      "questID:3": 1,
      "rewards:9": {},
      "tasks:9": {
        "0:10": {
          "autoConsume:1": 0,
          "consume:1": 0,
          "groupDetect:1": 1,
          "ignoreNBT:1": 1,
          "index:3": 0,
          "partialMatch:1": 1,
          "requiredItems:9": {
            "0:10": {
              "Count:3": 10,
              "Damage:2": 0,
              "OreDict:8": "rock",
              "id:8": "betterquesting:placeholder",
              "tag:10": {
                "orig_id:8": "notreepunching:rock/stone",
                "orig_meta:3": 0
              }
            }
          },
          "taskID:8": "bq_standard:retrieval"
        }
      }
    },
    "2:10": {
      "preRequisites:11": [],
      "properties:10": {
        "betterquesting:10": {
          "autoclaim:1": 0,
          "desc:8": "Flint Is Very Important For Early Game Tools",
          "globalshare:1": 0,
          "icon:10": {
            "Count:3": 1,
            "Damage:2": 0,
            "OreDict:8": "",
            "id:8": "minecraft:flint"
          },
          "ignoresview:1": 0,
          "ismain:1": 0,
          "issilent:1": 0,
          "lockedprogress:1": 0,
          "name:8": "Collect Flint",
          "questlogic:8": "AND",
          "repeat_relative:1": 1,
          "repeattime:3": -1,
          "simultaneous:1": 0,
          "snd_complete:8": "minecraft:entity.player.levelup",
          "snd_update:8": "minecraft:entity.player.levelup",
          "tasklogic:8": "AND",
          "visibility:8": "NORMAL"
        }
      },
      "questID:3": 2,
      "rewards:9": {},
      "tasks:9": {
        "0:10": {
          "autoConsume:1": 0,
          "consume:1": 0,
          "groupDetect:1": 1,
          "ignoreNBT:1": 1,
          "index:3": 0,
          "partialMatch:1": 1,
          "requiredItems:9": {
            "0:10": {
              "Count:3": 20,
              "Damage:2": 0,
              "OreDict:8": "",
              "id:8": "minecraft:flint"
            }
          },
          "taskID:8": "bq_standard:retrieval"
        }
      }
    },
    "3:10": {
      "preRequisites:11": [
        1
      ],
      "properties:10": {
        "betterquesting:10": {
          "autoclaim:1": 0,
          "desc:8": "You can craft cobblestone from 4 rocks",
          "globalshare:1": 0,
          "icon:10": {
            "Count:3": 1,
            "Damage:2": 0,
            "OreDict:8": "",
            "id:8": "minecraft:cobblestone"
          },
          "ignoresview:1": 0,
          "ismain:1": 0,
          "issilent:1": 0,
          "lockedprogress:1": 0,
          "name:8": "Cobblestone",
          "questlogic:8": "AND",
          "repeat_relative:1": 1,
          "repeattime:3": -1,
          "simultaneous:1": 0,
          "snd_complete:8": "minecraft:entity.player.levelup",
          "snd_update:8": "minecraft:entity.player.levelup",
          "tasklogic:8": "AND",
          "visibility:8": "NORMAL"
        }
      },
      "questID:3": 3,
      "rewards:9": {},
      "tasks:9": {}
    },
    "4:10": {
      "preRequisites:11": [
        2,
        3
      ],
      "properties:10": {
        "betterquesting:10": {
          "autoclaim:1": 0,
          "desc:8": "Craft Flint Shards From Bashing Flint Against A Cobblestone Block (HOLD DOWN RIGHT CLICK)",
          "globalshare:1": 0,
          "icon:10": {
            "Count:3": 1,
            "Damage:2": 0,
            "OreDict:8": "",
            "id:8": "betterquesting:placeholder",
            "tag:10": {
              "orig_id:8": "notreepunching:flint_shard",
              "orig_meta:3": 0
            }
          },
          "ignoresview:1": 0,
          "ismain:1": 0,
          "issilent:1": 0,
          "lockedprogress:1": 0,
          "name:8": "Flint Shards",
          "questlogic:8": "AND",
          "repeat_relative:1": 1,
          "repeattime:3": -1,
          "simultaneous:1": 0,
          "snd_complete:8": "minecraft:entity.player.levelup",
          "snd_update:8": "minecraft:entity.player.levelup",
          "tasklogic:8": "AND",
          "visibility:8": "NORMAL"
        }
      },
      "questID:3": 4,
      "rewards:9": {
        "0:10": {
          "index:3": 0,
          "rewardID:8": "bq_standard:item",
          "rewards:9": {
            "0:10": {
              "Count:3": 10,
              "Damage:2": 0,
              "OreDict:8": "",
              "id:8": "betterquesting:placeholder",
              "tag:10": {
                "orig_id:8": "notreepunching:flint_shard",
                "orig_meta:3": 0
              }
            }
          }
        }
      },
      "tasks:9": {
        "0:10": {
          "autoConsume:1": 0,
          "consume:1": 0,
          "groupDetect:1": 1,
          "ignoreNBT:1": 1,
          "index:3": 0,
          "partialMatch:1": 1,
          "requiredItems:9": {
            "0:10": {
              "Count:3": 1,
              "Damage:2": 0,
              "OreDict:8": "",
              "id:8": "betterquesting:placeholder",
              "tag:10": {
                "orig_id:8": "notreepunching:flint_shard",
                "orig_meta:3": 0
              }
            }
          },
          "taskID:8": "bq_standard:retrieval"
        }
      }
    },
    "5:10": {
      "preRequisites:11": [
        4,
        10
      ],
      "properties:10": {
        "betterquesting:10": {
          "autoclaim:1": 0,
          "desc:8": "Its Stabbing Time",
          "globalshare:1": 0,
          "icon:10": {
            "Count:3": 1,
            "Damage:2": 0,
            "OreDict:8": "",
            "id:8": "betterquesting:placeholder",
            "tag:10": {
              "orig_id:8": "notreepunching:knife/flint",
              "orig_meta:3": 0
            }
          },
          "ignoresview:1": 0,
          "ismain:1": 0,
          "issilent:1": 0,
          "lockedprogress:1": 0,
          "name:8": "Craft A Flint Knife",
          "questlogic:8": "AND",
          "repeat_relative:1": 1,
          "repeattime:3": -1,
          "simultaneous:1": 0,
          "snd_complete:8": "minecraft:entity.player.levelup",
          "snd_update:8": "minecraft:entity.player.levelup",
          "tasklogic:8": "AND",
          "visibility:8": "NORMAL"
        }
      },
      "questID:3": 5,
      "rewards:9": {},
      "tasks:9": {
        "0:10": {
          "autoConsume:1": 0,
          "consume:1": 0,
          "groupDetect:1": 1,
          "ignoreNBT:1": 1,
          "index:3": 0,
          "partialMatch:1": 1,
          "requiredItems:9": {
            "0:10": {
              "Count:3": 1,
              "Damage:2": 0,
              "OreDict:8": "",
              "id:8": "betterquesting:placeholder",
              "tag:10": {
                "orig_id:8": "notreepunching:knife/flint",
                "orig_meta:3": 0
              }
            }
          },
          "taskID:8": "bq_standard:retrieval"
        }
      }
    },
    "6:10": {
      "preRequisites:11": [],
      "properties:10": {
        "betterquesting:10": {
          "autoclaim:1": 0,
          "desc:8": "No Description",
          "globalshare:1": 0,
          "icon:10": {
            "Count:3": 1,
            "Damage:2": 0,
            "OreDict:8": "",
            "id:8": "minecraft:nether_star"
          },
          "ignoresview:1": 0,
          "ismain:1": 0,
          "issilent:1": 0,
          "lockedprogress:1": 0,
          "name:8": "New Quest",
          "questlogic:8": "AND",
          "repeat_relative:1": 1,
          "repeattime:3": -1,
          "simultaneous:1": 0,
          "snd_complete:8": "minecraft:entity.player.levelup",
          "snd_update:8": "minecraft:entity.player.levelup",
          "tasklogic:8": "AND",
          "visibility:8": "NORMAL"
        }
      },
      "questID:3": 6,
      "rewards:9": {},
      "tasks:9": {}
    },
    "7:10": {
      "preRequisites:11": [
        5
      ],
      "properties:10": {
        "betterquesting:10": {
          "autoclaim:1": 0,
          "desc:8": "No Description",
          "globalshare:1": 0,
          "icon:10": {
            "Count:3": 1,
            "Damage:2": 0,
            "OreDict:8": "",
            "id:8": "minecraft:nether_star"
          },
          "ignoresview:1": 0,
          "ismain:1": 0,
          "issilent:1": 0,
          "lockedprogress:1": 0,
          "name:8": "New Quest",
          "questlogic:8": "AND",
          "repeat_relative:1": 1,
          "repeattime:3": -1,
          "simultaneous:1": 0,
          "snd_complete:8": "minecraft:entity.player.levelup",
          "snd_update:8": "minecraft:entity.player.levelup",
          "tasklogic:8": "AND",
          "visibility:8": "NORMAL"
        }
      },
      "questID:3": 7,
      "rewards:9": {},
      "tasks:9": {}
    },
    "8:10": {
      "preRequisites:11": [
        5
      ],
      "properties:10": {
        "betterquesting:10": {
          "autoclaim:1": 0,
          "desc:8": "No Description",
          "globalshare:1": 0,
          "icon:10": {
            "Count:3": 1,
            "Damage:2": 0,
            "OreDict:8": "",
            "id:8": "minecraft:nether_star"
          },
          "ignoresview:1": 0,
          "ismain:1": 0,
          "issilent:1": 0,
          "lockedprogress:1": 0,
          "name:8": "New Quest",
          "questlogic:8": "AND",
          "repeat_relative:1": 1,
          "repeattime:3": -1,
          "simultaneous:1": 0,
          "snd_complete:8": "minecraft:entity.player.levelup",
          "snd_update:8": "minecraft:entity.player.levelup",
          "tasklogic:8": "AND",
          "visibility:8": "NORMAL"
        }
      },
      "questID:3": 8,
      "rewards:9": {},
      "tasks:9": {}
    },
    "9:10": {
      "preRequisites:11": [
        5
      ],
      "properties:10": {
        "betterquesting:10": {
          "autoclaim:1": 0,
          "desc:8": "Use Your Knife To Cut Grass In Order To Get Plant Fiber And Turn That Into Plant String",
          "globalshare:1": 0,
          "icon:10": {
            "Count:3": 1,
            "Damage:2": 0,
            "OreDict:8": "",
            "id:8": "betterquesting:placeholder",
            "tag:10": {
              "orig_id:8": "notreepunching:grass_string",
              "orig_meta:3": 0
            }
          },
          "ignoresview:1": 0,
          "ismain:1": 0,
          "issilent:1": 0,
          "lockedprogress:1": 0,
          "name:8": "Craft Plant String",
          "questlogic:8": "AND",
          "repeat_relative:1": 1,
          "repeattime:3": -1,
          "simultaneous:1": 0,
          "snd_complete:8": "minecraft:entity.player.levelup",
          "snd_update:8": "minecraft:entity.player.levelup",
          "tasklogic:8": "AND",
          "visibility:8": "NORMAL"
        }
      },
      "questID:3": 9,
      "rewards:9": {},
      "tasks:9": {
        "0:10": {
          "autoConsume:1": 0,
          "consume:1": 0,
          "groupDetect:1": 1,
          "ignoreNBT:1": 0,
          "index:3": 0,
          "partialMatch:1": 1,
          "requiredItems:9": {
            "0:10": {
              "Count:3": 10,
              "Damage:2": 0,
              "OreDict:8": "",
              "id:8": "betterquesting:placeholder",
              "tag:10": {
                "orig_id:8": "notreepunching:grass_string",
                "orig_meta:3": 0
              }
            }
          },
          "taskID:8": "bq_standard:retrieval"
        }
      }
    },
    "10:10": {
      "preRequisites:11": [],
      "properties:10": {
        "betterquesting:10": {
          "autoclaim:1": 0,
          "desc:8": "Grab Sticks By Breaking Trees",
          "globalshare:1": 0,
          "icon:10": {
            "Count:3": 1,
            "Damage:2": 0,
            "OreDict:8": "stickWood",
            "id:8": "minecraft:stick"
          },
          "ignoresview:1": 0,
          "ismain:1": 0,
          "issilent:1": 0,
          "lockedprogress:1": 0,
          "name:8": "Collect Sticks",
          "questlogic:8": "AND",
          "repeat_relative:1": 1,
          "repeattime:3": -1,
          "simultaneous:1": 0,
          "snd_complete:8": "minecraft:entity.player.levelup",
          "snd_update:8": "minecraft:entity.player.levelup",
          "tasklogic:8": "AND",
          "visibility:8": "NORMAL"
        }
      },
      "questID:3": 10,
      "rewards:9": {
        "0:10": {
          "index:3": 0,
          "rewardID:8": "bq_standard:item",
          "rewards:9": {
            "0:10": {
              "Count:3": 10,
              "Damage:2": 0,
              "OreDict:8": "",
              "id:8": "minecraft:stick"
            }
          }
        }
      },
      "tasks:9": {
        "0:10": {
          "autoConsume:1": 0,
          "consume:1": 0,
          "groupDetect:1": 0,
          "ignoreNBT:1": 0,
          "index:3": 0,
          "partialMatch:1": 1,
          "requiredItems:9": {
            "0:10": {
              "Count:3": 1,
              "Damage:2": 0,
              "OreDict:8": "stickWood",
              "id:8": "minecraft:stick"
            }
          },
          "taskID:8": "bq_standard:retrieval"
        }
      }
    },
    "11:10": {
      "preRequisites:11": [
        9
      ],
      "properties:10": {
        "betterquesting:10": {
          "autoclaim:1": 0,
          "desc:8": "Crafting A Hatchet Will Allow You To Attain Wood",
          "globalshare:1": 0,
          "icon:10": {
            "Count:3": 1,
            "Damage:2": 0,
            "OreDict:8": "",
            "id:8": "betterquesting:placeholder",
            "tag:10": {
              "orig_id:8": "notreepunching:axe/flint",
              "orig_meta:3": 0
            }
          },
          "ignoresview:1": 0,
          "ismain:1": 0,
          "issilent:1": 0,
          "lockedprogress:1": 0,
          "name:8": "Craft A Flint Hatchet",
          "questlogic:8": "AND",
          "repeat_relative:1": 1,
          "repeattime:3": -1,
          "simultaneous:1": 0,
          "snd_complete:8": "minecraft:entity.player.levelup",
          "snd_update:8": "minecraft:entity.player.levelup",
          "tasklogic:8": "AND",
          "visibility:8": "NORMAL"
        }
      },
      "questID:3": 11,
      "rewards:9": {},
      "tasks:9": {
        "0:10": {
          "autoConsume:1": 0,
          "consume:1": 0,
          "groupDetect:1": 1,
          "ignoreNBT:1": 1,
          "index:3": 0,
          "partialMatch:1": 1,
          "requiredItems:9": {
            "0:10": {
              "Count:3": 1,
              "Damage:2": 0,
              "OreDict:8": "",
              "id:8": "betterquesting:placeholder",
              "tag:10": {
                "orig_id:8": "notreepunching:axe/flint",
                "orig_meta:3": 0
              }
            }
          },
          "taskID:8": "bq_standard:retrieval"
        }
      }
    },
    "12:10": {
      "preRequisites:11": [
        11
      ],
      "properties:10": {
        "betterquesting:10": {
          "autoclaim:1": 0,
          "desc:8": "Use That Hatchet Of Yours And Destroy Everything",
          "globalshare:1": 0,
          "icon:10": {
            "Count:3": 1,
            "Damage:2": 0,
            "OreDict:8": "logWood",
            "id:8": "minecraft:log"
          },
          "ignoresview:1": 0,
          "ismain:1": 0,
          "issilent:1": 0,
          "lockedprogress:1": 0,
          "name:8": "Cut Down Wood",
          "questlogic:8": "AND",
          "repeat_relative:1": 1,
          "repeattime:3": -1,
          "simultaneous:1": 0,
          "snd_complete:8": "minecraft:entity.player.levelup",
          "snd_update:8": "minecraft:entity.player.levelup",
          "tasklogic:8": "AND",
          "visibility:8": "NORMAL"
        }
      },
      "questID:3": 12,
      "rewards:9": {},
      "tasks:9": {
        "0:10": {
          "autoConsume:1": 0,
          "consume:1": 0,
          "groupDetect:1": 1,
          "ignoreNBT:1": 1,
          "index:3": 0,
          "partialMatch:1": 1,
          "requiredItems:9": {
            "0:10": {
              "Count:3": 15,
              "Damage:2": 0,
              "OreDict:8": "logWood",
              "id:8": "minecraft:log"
            }
          },
          "taskID:8": "bq_standard:retrieval"
        }
      }
    },
    "13:10": {
      "preRequisites:11": [
        12,
        17
      ],
      "properties:10": {
        "betterquesting:10": {
          "autoclaim:1": 0,
          "desc:8": "Use The Crafting Rock To Craft Items",
          "globalshare:1": 0,
          "icon:10": {
            "Count:3": 1,
            "Damage:2": 0,
            "OreDict:8": "",
            "id:8": "betterquesting:placeholder",
            "tag:10": {
              "orig_id:8": "primal_tech:work_stump",
              "orig_meta:3": 0
            }
          },
          "ignoresview:1": 0,
          "ismain:1": 0,
          "issilent:1": 0,
          "lockedprogress:1": 0,
          "name:8": "The Stump",
          "questlogic:8": "AND",
          "repeat_relative:1": 1,
          "repeattime:3": -1,
          "simultaneous:1": 0,
          "snd_complete:8": "minecraft:entity.player.levelup",
          "snd_update:8": "minecraft:entity.player.levelup",
          "tasklogic:8": "AND",
          "visibility:8": "NORMAL"
        }
      },
      "questID:3": 13,
      "rewards:9": {},
      "tasks:9": {
        "0:10": {
          "autoConsume:1": 0,
          "consume:1": 0,
          "groupDetect:1": 1,
          "ignoreNBT:1": 1,
          "index:3": 0,
          "partialMatch:1": 1,
          "requiredItems:9": {
            "0:10": {
              "Count:3": 1,
              "Damage:2": 0,
              "OreDict:8": "",
              "id:8": "betterquesting:placeholder",
              "tag:10": {
                "orig_id:8": "primal_tech:work_stump",
                "orig_meta:3": 0
              }
            },
            "1:10": {
              "Count:3": 1,
              "Damage:2": 0,
              "OreDict:8": "",
              "id:8": "betterquesting:placeholder",
              "tag:10": {
                "orig_id:8": "primal_tech:rock",
                "orig_meta:3": 0
              }
            }
          },
          "taskID:8": "bq_standard:retrieval"
        }
      }
    },
    "14:10": {
      "preRequisites:11": [
        13
      ],
      "properties:10": {
        "betterquesting:10": {
          "autoclaim:1": 0,
          "desc:8": "First Pickaxe",
          "globalshare:1": 0,
          "icon:10": {
            "Count:3": 1,
            "Damage:2": 0,
            "OreDict:8": "",
            "id:8": "betterquesting:placeholder",
            "tag:10": {
              "orig_id:8": "notreepunching:pickaxe/flint",
              "orig_meta:3": 0
            }
          },
          "ignoresview:1": 0,
          "ismain:1": 0,
          "issilent:1": 0,
          "lockedprogress:1": 0,
          "name:8": "Flint Pickaxe",
          "questlogic:8": "AND",
          "repeat_relative:1": 1,
          "repeattime:3": -1,
          "simultaneous:1": 0,
          "snd_complete:8": "minecraft:entity.player.levelup",
          "snd_update:8": "minecraft:entity.player.levelup",
          "tasklogic:8": "AND",
          "visibility:8": "NORMAL"
        }
      },
      "questID:3": 14,
      "rewards:9": {},
      "tasks:9": {
        "0:10": {
          "autoConsume:1": 0,
          "consume:1": 0,
          "groupDetect:1": 1,
          "ignoreNBT:1": 1,
          "index:3": 0,
          "partialMatch:1": 1,
          "requiredItems:9": {
            "0:10": {
              "Count:3": 1,
              "Damage:2": 0,
              "OreDict:8": "",
              "id:8": "betterquesting:placeholder",
              "tag:10": {
                "orig_id:8": "notreepunching:pickaxe/flint",
                "orig_meta:3": 0
              }
            }
          },
          "taskID:8": "bq_standard:retrieval"
        }
      }
    },
    "15:10": {
      "preRequisites:11": [
        13
      ],
      "properties:10": {
        "betterquesting:10": {
          "autoclaim:1": 0,
          "desc:8": "A Flint Hoe IG",
          "globalshare:1": 0,
          "icon:10": {
            "Count:3": 1,
            "Damage:2": 0,
            "OreDict:8": "",
            "id:8": "betterquesting:placeholder",
            "tag:10": {
              "orig_id:8": "notreepunching:hoe/flint",
              "orig_meta:3": 0
            }
          },
          "ignoresview:1": 0,
          "ismain:1": 0,
          "issilent:1": 0,
          "lockedprogress:1": 0,
          "name:8": "Flint Hoe?",
          "questlogic:8": "AND",
          "repeat_relative:1": 1,
          "repeattime:3": -1,
          "simultaneous:1": 0,
          "snd_complete:8": "minecraft:entity.player.levelup",
          "snd_update:8": "minecraft:entity.player.levelup",
          "tasklogic:8": "AND",
          "visibility:8": "NORMAL"
        }
      },
      "questID:3": 15,
      "rewards:9": {},
      "tasks:9": {
        "0:10": {
          "autoConsume:1": 0,
          "consume:1": 0,
          "groupDetect:1": 1,
          "ignoreNBT:1": 1,
          "index:3": 0,
          "partialMatch:1": 1,
          "requiredItems:9": {
            "0:10": {
              "Count:3": 1,
              "Damage:2": 0,
              "OreDict:8": "",
              "id:8": "betterquesting:placeholder",
              "tag:10": {
                "orig_id:8": "notreepunching:hoe/flint",
                "orig_meta:3": 0
              }
            }
          },
          "taskID:8": "bq_standard:retrieval"
        }
      }
    },
    "16:10": {
      "preRequisites:11": [
        13
      ],
      "properties:10": {
        "betterquesting:10": {
          "autoclaim:1": 0,
          "desc:8": "Ahuh Flint Shoevel",
          "globalshare:1": 0,
          "icon:10": {
            "Count:3": 1,
            "Damage:2": 0,
            "OreDict:8": "",
            "id:8": "betterquesting:placeholder",
            "tag:10": {
              "orig_id:8": "notreepunching:shovel/flint",
              "orig_meta:3": 0
            }
          },
          "ignoresview:1": 0,
          "ismain:1": 0,
          "issilent:1": 0,
          "lockedprogress:1": 0,
          "name:8": "Flint Shovel",
          "questlogic:8": "AND",
          "repeat_relative:1": 1,
          "repeattime:3": -1,
          "simultaneous:1": 0,
          "snd_complete:8": "minecraft:entity.player.levelup",
          "snd_update:8": "minecraft:entity.player.levelup",
          "tasklogic:8": "AND",
          "visibility:8": "NORMAL"
        }
      },
      "questID:3": 16,
      "rewards:9": {},
      "tasks:9": {
        "0:10": {
          "autoConsume:1": 0,
          "consume:1": 0,
          "groupDetect:1": 1,
          "ignoreNBT:1": 1,
          "index:3": 0,
          "partialMatch:1": 1,
          "requiredItems:9": {
            "0:10": {
              "Count:3": 1,
              "Damage:2": 0,
              "OreDict:8": "",
              "id:8": "betterquesting:placeholder",
              "tag:10": {
                "orig_id:8": "notreepunching:shovel/flint",
                "orig_meta:3": 0
              }
            }
          },
          "taskID:8": "bq_standard:retrieval"
        }
      }
    },
    "17:10": {
      "preRequisites:11": [],
      "properties:10": {
        "betterquesting:10": {
          "autoclaim:1": 0,
          "desc:8": "Clay Oven",
          "globalshare:1": 0,
          "icon:10": {
            "Count:3": 1,
            "Damage:2": 0,
            "OreDict:8": "",
            "id:8": "betterquesting:placeholder",
            "tag:10": {
              "orig_id:8": "primal_tech:clay_kiln",
              "orig_meta:3": 0
            }
          },
          "ignoresview:1": 0,
          "ismain:1": 0,
          "issilent:1": 0,
          "lockedprogress:1": 0,
          "name:8": "Clay Oven",
          "questlogic:8": "AND",
          "repeat_relative:1": 1,
          "repeattime:3": -1,
          "simultaneous:1": 0,
          "snd_complete:8": "minecraft:entity.player.levelup",
          "snd_update:8": "minecraft:entity.player.levelup",
          "tasklogic:8": "AND",
          "visibility:8": "NORMAL"
        }
      },
      "questID:3": 17,
      "rewards:9": {},
      "tasks:9": {
        "0:10": {
          "autoConsume:1": 0,
          "consume:1": 0,
          "groupDetect:1": 1,
          "ignoreNBT:1": 1,
          "index:3": 0,
          "partialMatch:1": 1,
          "requiredItems:9": {
            "0:10": {
              "Count:3": 1,
              "Damage:2": 0,
              "OreDict:8": "",
              "id:8": "betterquesting:placeholder",
              "tag:10": {
                "orig_id:8": "primal_tech:clay_kiln",
                "orig_meta:3": 0
              }
            }
          },
          "taskID:8": "bq_standard:retrieval"
        }
      }
    },
    "18:10": {
      "preRequisites:11": [],
      "properties:10": {
        "betterquesting:10": {
          "autoclaim:1": 0,
          "desc:8": "CLAY",
          "globalshare:1": 0,
          "icon:10": {
            "Count:3": 1,
            "Damage:2": 0,
            "OreDict:8": "",
            "id:8": "minecraft:clay_ball"
          },
          "ignoresview:1": 0,
          "ismain:1": 0,
          "issilent:1": 0,
          "lockedprogress:1": 0,
          "name:8": "Collect Clay",
          "questlogic:8": "AND",
          "repeat_relative:1": 1,
          "repeattime:3": -1,
          "simultaneous:1": 0,
          "snd_complete:8": "minecraft:entity.player.levelup",
          "snd_update:8": "minecraft:entity.player.levelup",
          "tasklogic:8": "AND",
          "visibility:8": "NORMAL"
        }
      },
      "questID:3": 18,
      "rewards:9": {},
      "tasks:9": {
        "0:10": {
          "autoConsume:1": 0,
          "consume:1": 0,
          "groupDetect:1": 0,
          "ignoreNBT:1": 0,
          "index:3": 0,
          "partialMatch:1": 1,
          "requiredItems:9": {
            "0:10": {
              "Count:3": 8,
              "Damage:2": 0,
              "OreDict:8": "",
              "id:8": "minecraft:clay_ball"
            }
          },
          "taskID:8": "bq_standard:retrieval"
        }
      }
    },
    "19:10": {
      "preRequisites:11": [
        13,
        18
      ],
      "properties:10": {
        "betterquesting:10": {
          "autoclaim:1": 0,
          "desc:8": "Used You Cook Basic Items",
          "globalshare:1": 0,
          "icon:10": {
            "Count:3": 1,
            "Damage:2": 0,
            "OreDict:8": "",
            "id:8": "betterquesting:placeholder",
            "tag:10": {
              "orig_id:8": "primal_tech:clay_kiln",
              "orig_meta:3": 0
            }
          },
          "ignoresview:1": 0,
          "ismain:1": 0,
          "issilent:1": 0,
          "lockedprogress:1": 0,
          "name:8": "Clay Kiln",
          "questlogic:8": "AND",
          "repeat_relative:1": 1,
          "repeattime:3": -1,
          "simultaneous:1": 0,
          "snd_complete:8": "minecraft:entity.player.levelup",
          "snd_update:8": "minecraft:entity.player.levelup",
          "tasklogic:8": "AND",
          "visibility:8": "NORMAL"
        }
      },
      "questID:3": 19,
      "rewards:9": {},
      "tasks:9": {
        "0:10": {
          "autoConsume:1": 0,
          "consume:1": 0,
          "groupDetect:1": 1,
          "ignoreNBT:1": 1,
          "index:3": 0,
          "partialMatch:1": 1,
          "requiredItems:9": {
            "0:10": {
              "Count:3": 1,
              "Damage:2": 0,
              "OreDict:8": "",
              "id:8": "betterquesting:placeholder",
              "tag:10": {
                "orig_id:8": "primal_tech:clay_kiln",
                "orig_meta:3": 0
              }
            }
          },
          "taskID:8": "bq_standard:retrieval"
        }
      }
    },
    "20:10": {
      "preRequisites:11": [
        13
      ],
      "properties:10": {
        "betterquesting:10": {
          "autoclaim:1": 0,
          "desc:8": "Time For Some BBQ",
          "globalshare:1": 0,
          "icon:10": {
            "Count:3": 1,
            "Damage:2": 0,
            "OreDict:8": "",
            "id:8": "betterquesting:placeholder",
            "tag:10": {
              "orig_id:8": "primal_tech:stone_grill",
              "orig_meta:3": 0
            }
          },
          "ignoresview:1": 0,
          "ismain:1": 0,
          "issilent:1": 0,
          "lockedprogress:1": 0,
          "name:8": "Cobblestone Grill",
          "questlogic:8": "AND",
          "repeat_relative:1": 1,
          "repeattime:3": -1,
          "simultaneous:1": 0,
          "snd_complete:8": "minecraft:entity.player.levelup",
          "snd_update:8": "minecraft:entity.player.levelup",
          "tasklogic:8": "AND",
          "visibility:8": "NORMAL"
        }
      },
      "questID:3": 20,
      "rewards:9": {},
      "tasks:9": {
        "0:10": {
          "autoConsume:1": 0,
          "consume:1": 0,
          "groupDetect:1": 1,
          "ignoreNBT:1": 1,
          "index:3": 0,
          "partialMatch:1": 1,
          "requiredItems:9": {
            "0:10": {
              "Count:3": 1,
              "Damage:2": 0,
              "OreDict:8": "",
              "id:8": "betterquesting:placeholder",
              "tag:10": {
                "orig_id:8": "primal_tech:stone_grill",
                "orig_meta:3": 0
              }
            }
          },
          "taskID:8": "bq_standard:retrieval"
        }
      }
    },
    "21:10": {
      "preRequisites:11": [],
      "properties:10": {
        "betterquesting:10": {
          "autoclaim:1": 0,
          "desc:8": "The Basics to Creating Machines",
          "globalshare:1": 0,
          "icon:10": {
            "Count:3": 1,
            "Damage:2": 0,
            "OreDict:8": "",
            "id:8": "gregtech:wire_cutter",
            "tag:10": {
              "DisallowContainerItem:1": 0,
              "GT.Behaviours:10": {},
              "GT.Tool:10": {
                "AttackDamage:5": 1.0,
                "AttackSpeed:5": -2.4,
                "Durability:3": 0,
                "HarvestLevel:3": 2,
                "Material:8": "gregtech:iron",
                "MaxDurability:3": 255,
                "ToolSpeed:5": 6.0
              },
              "HideFlags:3": 2
            }
          },
          "ignoresview:1": 0,
          "ismain:1": 0,
          "issilent:1": 0,
          "lockedprogress:1": 0,
          "name:8": "Acquiring Tools",
          "questlogic:8": "AND",
          "repeat_relative:1": 1,
          "repeattime:3": -1,
          "simultaneous:1": 0,
          "snd_complete:8": "minecraft:entity.player.levelup",
          "snd_update:8": "minecraft:entity.player.levelup",
          "tasklogic:8": "AND",
          "visibility:8": "NORMAL"
        }
      },
      "questID:3": 21,
      "rewards:9": {},
      "tasks:9": {
        "0:10": {
          "autoConsume:1": 0,
          "consume:1": 0,
          "groupDetect:1": 1,
          "ignoreNBT:1": 1,
          "index:3": 0,
          "partialMatch:1": 1,
          "requiredItems:9": {
            "0:10": {
              "Count:3": 1,
              "Damage:2": 0,
              "OreDict:8": "toolWireCutter",
              "id:8": "gregtech:wire_cutter",
              "tag:10": {
                "DisallowContainerItem:1": 0,
                "GT.Behaviours:10": {},
                "GT.Tool:10": {
                  "AttackDamage:5": 1.0,
                  "AttackSpeed:5": -2.4,
                  "Durability:3": 0,
                  "HarvestLevel:3": 2,
                  "Material:8": "gregtech:iron",
                  "MaxDurability:3": 255,
                  "ToolSpeed:5": 6.0
                },
                "HideFlags:3": 2
              }
            },
            "1:10": {
              "Count:3": 1,
              "Damage:2": 0,
              "OreDict:8": "toolHammer",
              "id:8": "gregtech:hammer",
              "tag:10": {
                "DisallowContainerItem:1": 0,
                "GT.Behaviours:10": {},
                "GT.Tool:10": {
                  "AttackDamage:5": 3.0,
                  "AttackSpeed:5": -2.8,
                  "Durability:3": 0,
                  "HarvestLevel:3": 2,
                  "Material:8": "gregtech:iron",
                  "MaxDurability:3": 255,
                  "ToolSpeed:5": 6.0
                },
                "HideFlags:3": 2
              }
            }
          },
          "taskID:8": "bq_standard:retrieval"
        }
      }
    },
    "22:10": {
      "preRequisites:11": [],
      "properties:10": {
        "betterquesting:10": {
          "autoclaim:1": 0,
          "desc:8": "Hammer That Will Allow You To Gain Lots Of Resources",
          "globalshare:1": 0,
          "icon:10": {
            "Count:3": 1,
            "Damage:2": 0,
            "OreDict:8": "toolMiningHammer",
            "id:8": "gregtech:mining_hammer",
            "tag:10": {
              "DisallowContainerItem:1": 0,
              "GT.Behaviours:10": {
                "AoEColumn:3": 1,
                "AoELayer:3": 0,
                "AoERow:3": 1,
                "MaxAoEColumn:3": 1,
                "MaxAoELayer:3": 0,
                "MaxAoERow:3": 1,
                "TorchPlacing:1": 1
              },
              "GT.Tool:10": {
                "AttackDamage:5": 3.5,
                "AttackSpeed:5": -3.2,
                "Durability:3": 0,
                "HarvestLevel:3": 2,
                "Material:8": "gregtech:iron",
                "MaxDurability:3": 767,
                "ToolSpeed:5": 4.8
              },
              "HideFlags:3": 2
            }
          },
          "ignoresview:1": 0,
          "ismain:1": 0,
          "issilent:1": 0,
          "lockedprogress:1": 0,
          "name:8": "Mining Hammers",
          "questlogic:8": "AND",
          "repeat_relative:1": 1,
          "repeattime:3": -1,
          "simultaneous:1": 0,
          "snd_complete:8": "minecraft:entity.player.levelup",
          "snd_update:8": "minecraft:entity.player.levelup",
          "tasklogic:8": "AND",
          "visibility:8": "NORMAL"
        }
      },
      "questID:3": 22,
      "rewards:9": {},
      "tasks:9": {
        "0:10": {
          "autoConsume:1": 0,
          "consume:1": 0,
          "groupDetect:1": 1,
          "ignoreNBT:1": 1,
          "index:3": 0,
          "partialMatch:1": 1,
          "requiredItems:9": {
            "0:10": {
              "Count:3": 1,
              "Damage:2": 0,
              "OreDict:8": "toolMiningHammer",
              "id:8": "gregtech:mining_hammer",
              "tag:10": {
                "DisallowContainerItem:1": 0,
                "GT.Behaviours:10": {
                  "AoEColumn:3": 1,
                  "AoELayer:3": 0,
                  "AoERow:3": 1,
                  "MaxAoEColumn:3": 1,
                  "MaxAoELayer:3": 0,
                  "MaxAoERow:3": 1,
                  "TorchPlacing:1": 1
                },
                "GT.Tool:10": {
                  "AttackDamage:5": 3.5,
                  "AttackSpeed:5": -3.2,
                  "Durability:3": 0,
                  "HarvestLevel:3": 2,
                  "Material:8": "gregtech:iron",
                  "MaxDurability:3": 767,
                  "ToolSpeed:5": 4.8
                },
                "HideFlags:3": 2
              }
            }
          },
          "taskID:8": "bq_standard:retrieval"
        }
      }
    },
    "23:10": {
      "preRequisites:11": [],
      "properties:10": {
        "betterquesting:10": {
          "autoclaim:1": 0,
          "desc:8": "No Description",
          "globalshare:1": 0,
          "icon:10": {
            "Count:3": 1,
            "Damage:2": 0,
            "OreDict:8": "",
            "id:8": "minecraft:nether_star"
          },
          "ignoresview:1": 0,
          "ismain:1": 0,
          "issilent:1": 0,
          "lockedprogress:1": 0,
          "name:8": "New Quest",
          "questlogic:8": "AND",
          "repeat_relative:1": 1,
          "repeattime:3": -1,
          "simultaneous:1": 0,
          "snd_complete:8": "minecraft:entity.player.levelup",
          "snd_update:8": "minecraft:entity.player.levelup",
          "tasklogic:8": "AND",
          "visibility:8": "NORMAL"
        }
      },
      "questID:3": 23,
      "rewards:9": {},
      "tasks:9": {}
    },
    "24:10": {
      "preRequisites:11": [],
      "properties:10": {
        "betterquesting:10": {
          "autoclaim:1": 0,
          "desc:8": "Resources To Make The First Machines",
          "globalshare:1": 0,
          "icon:10": {
            "Count:3": 1,
            "Damage:2": 0,
            "OreDict:8": "",
            "id:8": "minecraft:nether_star"
          },
          "ignoresview:1": 0,
          "ismain:1": 0,
          "issilent:1": 0,
          "lockedprogress:1": 0,
          "name:8": "Basic Resources",
          "questlogic:8": "AND",
          "repeat_relative:1": 1,
          "repeattime:3": -1,
          "simultaneous:1": 0,
          "snd_complete:8": "minecraft:entity.player.levelup",
          "snd_update:8": "minecraft:entity.player.levelup",
          "tasklogic:8": "AND",
          "visibility:8": "NORMAL"
        }
      },
      "questID:3": 24,
      "rewards:9": {},
      "tasks:9": {}
    }
  },
  "questLines:9": {
    "0:10": {
      "lineID:3": 0,
      "order:3": 0,
      "properties:10": {
        "betterquesting:10": {
          "bg_image:8": "",
          "bg_size:3": 256,
          "desc:8": "§0§1Everything has collapsed, this world has devolved every quickly. You try to remember but everything is foggy but you do know one thing. That no matter what, you must SURVIVE",
          "icon:10": {
            "Count:3": 1,
            "Damage:2": 0,
            "OreDict:8": "",
            "id:8": "flansmod:sitheyes"
          },
          "name:8": "0: New Beginnings",
          "visibility:8": "NORMAL"
        }
      },
      "quests:9": {
        "0:10": {
          "id:3": 0,
          "sizeX:3": 24,
          "sizeY:3": 24,
          "x:3": 0,
          "y:3": -46
        }
      }
    },
    "1:10": {
      "lineID:3": 1,
      "order:3": 1,
      "properties:10": {
        "betterquesting:10": {
          "bg_image:8": "",
          "bg_size:3": 256,
          "desc:8": "You must rebuild. Starting from here, there will be a new age, an Age Of Machines And Industry",
          "icon:10": {
            "Count:3": 1,
            "Damage:2": 1000,
            "OreDict:8": "",
            "id:8": "gregtech:machine"
          },
          "name:8": "1: The Whistle Of Machines",
          "visibility:8": "NORMAL"
        }
      },
      "quests:9": {
        "0:10": {
          "id:3": 21,
          "sizeX:3": 24,
          "sizeY:3": 24,
          "x:3": -12,
          "y:3": -12
        },
        "1:10": {
          "id:3": 22,
          "sizeX:3": 24,
          "sizeY:3": 24,
          "x:3": -72,
          "y:3": -12
        },
        "2:10": {
          "id:3": 24,
          "sizeX:3": 24,
          "sizeY:3": 24,
          "x:3": 60,
          "y:3": -12
        }
      }
    }
  },
  "questSettings:10": {
    "betterquesting:10": {
      "editmode:1": 1,
      "hardcore:1": 0,
      "home_anchor_x:5": 0.5,
      "home_anchor_y:5": 0.0,
      "home_image:8": "betterquesting:textures/gui/default_title.png",
      "home_offset_x:3": -128,
      "home_offset_y:3": 0,
      "livesdef:3": 3,
      "livesmax:3": 10,
      "pack_name:8": "Parasyte",
      "pack_version:3": 0,
      "party_enable:1": 1
    }
  }
}