<?xml version="1.0" encoding="UTF-8" standalone="no"?>
<galaxy>
    <star blackHole="false" name="Sol" numGasGiants="0" numPlanets="0" size="1.0" temp="100" x="0" y="0">
        <planet DIMID="0" dimMapping="" name="Earth">
            <isKnown>true</isKnown>
            <fogColor>1.0,1.0,1.0</fogColor>
            <skyColor>1.0,1.0,1.0</skyColor>
            <gravitationalMultiplier>100</gravitationalMultiplier>
            <orbitalDistance>100</orbitalDistance>
            <orbitalTheta>0</orbitalTheta>
            <orbitalPhi>0</orbitalPhi>
            <retrograde>false</retrograde>
            <avgTemperature>287</avgTemperature>
            <rotationalPeriod>24000</rotationalPeriod>
            <atmosphereDensity>100</atmosphereDensity>
            <generateCraters>false</generateCraters>
            <generateCaves>false</generateCaves>
            <generateVolcanos>false</generateVolcanos>
            <generateStructures>false</generateStructures>
            <generateGeodes>false</generateGeodes>
            <planet DIMID="3" name="Luna">
                <isKnown>false</isKnown>
                <fogColor>1.0,1.0,1.0</fogColor>
                <skyColor>1.0,1.0,1.0</skyColor>
                <gravitationalMultiplier>16</gravitationalMultiplier>
                <orbitalDistance>150</orbitalDistance>
                <orbitalTheta>0</orbitalTheta>
                <orbitalPhi>0</orbitalPhi>
                <retrograde>false</retrograde>
                <avgTemperature>255</avgTemperature>
                <rotationalPeriod>128000</rotationalPeriod>
                <atmosphereDensity>0</atmosphereDensity>
                <generateCraters>true</generateCraters>
                <generateCaves>false</generateCaves>
                <generateVolcanos>false</generateVolcanos>
                <generateStructures>false</generateStructures>
                <generateGeodes>false</generateGeodes>
                <biomeIds>advancedrocketry:moon;30,advancedrocketry:moondark;30</biomeIds>
            </planet>
        </planet>
        <planet DIMID="17" name="Sol 17">
            <isKnown>false</isKnown>
            <fogColor>1.0,1.0,1.0</fogColor>
            <skyColor>0.8,0.71147704,0.0</skyColor>
            <gravitationalMultiplier>130</gravitationalMultiplier>
            <orbitalDistance>30</orbitalDistance>
            <orbitalTheta>275</orbitalTheta>
            <orbitalPhi>-145</orbitalPhi>
            <retrograde>false</retrograde>
            <avgTemperature>504</avgTemperature>
            <rotationalPeriod>10923</rotationalPeriod>
            <atmosphereDensity>85</atmosphereDensity>
            <generateCraters>false</generateCraters>
            <generateCaves>false</generateCaves>
            <generateVolcanos>true</generateVolcanos>
            <generateStructures>false</generateStructures>
            <generateGeodes>false</generateGeodes>
            <biomeIds>minecraft:jungle;30,biomesoplenty:coral_reef;30,minecraft:mutated_savanna;30,minecraft:desert_hills;30,minecraft:desert;30</biomeIds>
            <oceanBlock>minecraft:lava</oceanBlock>
        </planet>
        <planet DIMID="18" name="Sol 18">
            <isKnown>false</isKnown>
            <fogColor>1.0,1.0,1.0</fogColor>
            <skyColor>0.8,0.6618855,0.7992331</skyColor>
            <gravitationalMultiplier>90</gravitationalMultiplier>
            <orbitalDistance>111</orbitalDistance>
            <orbitalTheta>298</orbitalTheta>
            <orbitalPhi>46</orbitalPhi>
            <retrograde>false</retrograde>
            <avgTemperature>242</avgTemperature>
            <rotationalPeriod>32379</rotationalPeriod>
            <atmosphereDensity>0</atmosphereDensity>
            <generateCraters>true</generateCraters>
            <generateCaves>false</generateCaves>
            <generateVolcanos>false</generateVolcanos>
            <generateStructures>false</generateStructures>
            <generateGeodes>false</generateGeodes>
            <biomeIds>advancedrocketry:moon;30,advancedrocketry:moondark;30</biomeIds>
        </planet>
        <planet DIMID="19" name="Sol 19">
            <isKnown>false</isKnown>
            <fogColor>1.0,1.0,1.0</fogColor>
            <skyColor>0.8,0.5352527,0.8264264</skyColor>
            <gravitationalMultiplier>130</gravitationalMultiplier>
            <orbitalDistance>173</orbitalDistance>
            <orbitalTheta>308</orbitalTheta>
            <orbitalPhi>205</orbitalPhi>
            <retrograde>false</retrograde>
            <avgTemperature>237</avgTemperature>
            <rotationalPeriod>10923</rotationalPeriod>
            <atmosphereDensity>138</atmosphereDensity>
            <generateCraters>false</generateCraters>
            <generateCaves>false</generateCaves>
            <generateVolcanos>false</generateVolcanos>
            <generateStructures>false</generateStructures>
            <generateGeodes>true</generateGeodes>
            <biomeIds>minecraft:mutated_plains;30,biomesoplenty:flower_field;30,minecraft:mutated_jungle_edge;30,minecraft:mutated_forest;30,biomesoplenty:lush_desert;30</biomeIds>
            <planet DIMID="20" name="Sol 19: 0">
                <isKnown>false</isKnown>
                <fogColor>1.0,1.0,1.0</fogColor>
                <skyColor>0.8,0.5364178,1.0</skyColor>
                <gravitationalMultiplier>57</gravitationalMultiplier>
                <orbitalDistance>177</orbitalDistance>
                <orbitalTheta>316</orbitalTheta>
                <orbitalPhi>-146</orbitalPhi>
                <retrograde>false</retrograde>
                <avgTemperature>192</avgTemperature>
                <rotationalPeriod>129594</rotationalPeriod>
                <atmosphereDensity>31</atmosphereDensity>
                <generateCraters>true</generateCraters>
                <generateCaves>false</generateCaves>
                <generateVolcanos>false</generateVolcanos>
                <generateStructures>false</generateStructures>
                <generateGeodes>false</generateGeodes>
                <biomeIds>biomesoplenty:grassland;30,minecraft:mutated_mesa_rock;30,biomesoplenty:brushland;30,minecraft:mutated_mesa_clear_rock;30,biomesoplenty:visceral_heap;30</biomeIds>
            </planet>
        </planet>
        <planet DIMID="4" name="Sol 4">
            <isKnown>false</isKnown>
            <GasGiant>true</GasGiant>
            <gas>ammonia</gas>
            <gas>oxygen</gas>
            <gas>nitrogen</gas>
            <fogColor>1.0,1.0,1.0</fogColor>
            <skyColor>1.0,1.0,1.0</skyColor>
            <gravitationalMultiplier>95</gravitationalMultiplier>
            <orbitalDistance>264</orbitalDistance>
            <orbitalTheta>0</orbitalTheta>
            <orbitalPhi>0</orbitalPhi>
            <retrograde>false</retrograde>
            <avgTemperature>197</avgTemperature>
            <rotationalPeriod>24000</rotationalPeriod>
            <atmosphereDensity>155</atmosphereDensity>
            <generateCraters>false</generateCraters>
            <generateCaves>false</generateCaves>
            <generateVolcanos>false</generateVolcanos>
            <generateStructures>false</generateStructures>
            <generateGeodes>false</generateGeodes>
        </planet>
        <planet DIMID="5" name="Sol 5">
            <isKnown>false</isKnown>
            <hasRings>true</hasRings>
            <ringColor>0.8,0.6239569,0.0</ringColor>
            <fogColor>1.0,1.0,1.0</fogColor>
            <skyColor>0.8,0.6239569,0.0</skyColor>
            <gravitationalMultiplier>114</gravitationalMultiplier>
            <orbitalDistance>37</orbitalDistance>
            <orbitalTheta>31</orbitalTheta>
            <orbitalPhi>-224</orbitalPhi>
            <retrograde>false</retrograde>
            <avgTemperature>499</avgTemperature>
            <rotationalPeriod>15988</rotationalPeriod>
            <atmosphereDensity>124</atmosphereDensity>
            <generateCraters>false</generateCraters>
            <generateCaves>false</generateCaves>
            <generateVolcanos>true</generateVolcanos>
            <generateStructures>false</generateStructures>
            <generateGeodes>false</generateGeodes>
            <biomeIds>biomesoplenty:outback;30,biomesoplenty:volcanic_island;30,biomesoplenty:corrupted_sands;30,minecraft:desert;30,biomesoplenty:brushland;30</biomeIds>
            <planet DIMID="6" name="Sol 5: 0">
                <isKnown>false</isKnown>
                <fogColor>1.0,1.0,1.0</fogColor>
                <skyColor>0.8,0.6405146,1.0</skyColor>
                <gravitationalMultiplier>47</gravitationalMultiplier>
                <orbitalDistance>193</orbitalDistance>
                <orbitalTheta>111</orbitalTheta>
                <orbitalPhi>118</orbitalPhi>
                <retrograde>false</retrograde>
                <avgTemperature>184</avgTemperature>
                <rotationalPeriod>231162</rotationalPeriod>
                <atmosphereDensity>21</atmosphereDensity>
                <generateCraters>true</generateCraters>
                <generateCaves>false</generateCaves>
                <generateVolcanos>false</generateVolcanos>
                <generateStructures>false</generateStructures>
                <generateGeodes>false</generateGeodes>
                <biomeIds>advancedrocketry:moon;30,advancedrocketry:moondark;30</biomeIds>
            </planet>
            <planet DIMID="7" name="Sol 5: 1">
                <isKnown>false</isKnown>
                <fogColor>1.0,1.0,1.0</fogColor>
                <skyColor>0.8,0.68998736,0.86632264</skyColor>
                <gravitationalMultiplier>74</gravitationalMultiplier>
                <orbitalDistance>109</orbitalDistance>
                <orbitalTheta>267</orbitalTheta>
                <orbitalPhi>-288</orbitalPhi>
                <retrograde>false</retrograde>
                <avgTemperature>245</avgTemperature>
                <rotationalPeriod>59226</rotationalPeriod>
                <atmosphereDensity>25</atmosphereDensity>
                <generateCraters>true</generateCraters>
                <generateCaves>false</generateCaves>
                <generateVolcanos>false</generateVolcanos>
                <generateStructures>false</generateStructures>
                <generateGeodes>false</generateGeodes>
                <biomeIds>advancedrocketry:moon;30,advancedrocketry:moondark;30</biomeIds>
            </planet>
            <oceanBlock>minecraft:lava</oceanBlock>
        </planet>
        <planet DIMID="21" name="Sol 21">
            <isKnown>false</isKnown>
            <fogColor>1.0,1.0,1.0</fogColor>
            <skyColor>0.8,0.90953183,0.8876761</skyColor>
            <gravitationalMultiplier>130</gravitationalMultiplier>
            <orbitalDistance>148</orbitalDistance>
            <orbitalTheta>308</orbitalTheta>
            <orbitalPhi>-254</orbitalPhi>
            <retrograde>false</retrograde>
            <avgTemperature>241</avgTemperature>
            <rotationalPeriod>10923</rotationalPeriod>
            <atmosphereDensity>108</atmosphereDensity>
            <generateCraters>false</generateCraters>
            <generateCaves>false</generateCaves>
            <generateVolcanos>false</generateVolcanos>
            <generateStructures>false</generateStructures>
            <generateGeodes>false</generateGeodes>
            <biomeIds>minecraft:ice_flats;30</biomeIds>
            <planet DIMID="22" name="Sol 21: 0">
                <isKnown>false</isKnown>
                <fogColor>1.0,1.0,1.0</fogColor>
                <skyColor>0.8,0.87147313,1.0</skyColor>
                <gravitationalMultiplier>84</gravitationalMultiplier>
                <orbitalDistance>198</orbitalDistance>
                <orbitalTheta>196</orbitalTheta>
                <orbitalPhi>-247</orbitalPhi>
                <retrograde>false</retrograde>
                <avgTemperature>181</avgTemperature>
                <rotationalPeriod>40492</rotationalPeriod>
                <atmosphereDensity>14</atmosphereDensity>
                <generateCraters>true</generateCraters>
                <generateCaves>false</generateCaves>
                <generateVolcanos>false</generateVolcanos>
                <generateStructures>false</generateStructures>
                <generateGeodes>false</generateGeodes>
                <biomeIds>advancedrocketry:moon;30,advancedrocketry:moondark;30</biomeIds>
            </planet>
        </planet>
        <planet DIMID="23" name="Sol 23">
            <isKnown>false</isKnown>
            <fogColor>1.0,1.0,1.0</fogColor>
            <skyColor>0.8,0.7495376,0.43964905</skyColor>
            <gravitationalMultiplier>130</gravitationalMultiplier>
            <orbitalDistance>51</orbitalDistance>
            <orbitalTheta>174</orbitalTheta>
            <orbitalPhi>-100</orbitalPhi>
            <retrograde>false</retrograde>
            <avgTemperature>358</avgTemperature>
            <rotationalPeriod>10923</rotationalPeriod>
            <atmosphereDensity>17</atmosphereDensity>
            <generateCraters>true</generateCraters>
            <generateCaves>false</generateCaves>
            <generateVolcanos>false</generateVolcanos>
            <generateStructures>false</generateStructures>
            <generateGeodes>false</generateGeodes>
            <biomeIds>advancedrocketry:moon;30,advancedrocketry:moondark;30</biomeIds>
            <planet DIMID="24" name="Sol 23: 0">
                <isKnown>false</isKnown>
                <fogColor>1.0,1.0,1.0</fogColor>
                <skyColor>0.8,0.5544666,1.0</skyColor>
                <gravitationalMultiplier>41</gravitationalMultiplier>
                <orbitalDistance>173</orbitalDistance>
                <orbitalTheta>196</orbitalTheta>
                <orbitalPhi>-129</orbitalPhi>
                <retrograde>false</retrograde>
                <avgTemperature>194</avgTemperature>
                <rotationalPeriod>348224</rotationalPeriod>
                <atmosphereDensity>35</atmosphereDensity>
                <generateCraters>true</generateCraters>
                <generateCaves>false</generateCaves>
                <generateVolcanos>false</generateVolcanos>
                <generateStructures>false</generateStructures>
                <generateGeodes>false</generateGeodes>
                <biomeIds>biomesoplenty:lush_swamp;30,minecraft:birch_forest;10,jeid:error_biome;30,biomesoplenty:wetland;30,biomesoplenty:bamboo_forest;30</biomeIds>
            </planet>
        </planet>
        <planet DIMID="8" name="Sol 8">
            <isKnown>false</isKnown>
            <fogColor>1.0,1.0,1.0</fogColor>
            <skyColor>0.8,0.95731497,0.8325665</skyColor>
            <gravitationalMultiplier>116</gravitationalMultiplier>
            <orbitalDistance>112</orbitalDistance>
            <orbitalTheta>290</orbitalTheta>
            <orbitalPhi>-32</orbitalPhi>
            <retrograde>false</retrograde>
            <avgTemperature>243</avgTemperature>
            <rotationalPeriod>15178</rotationalPeriod>
            <atmosphereDensity>64</atmosphereDensity>
            <generateCraters>true</generateCraters>
            <generateCaves>false</generateCaves>
            <generateVolcanos>false</generateVolcanos>
            <generateStructures>false</generateStructures>
            <generateGeodes>false</generateGeodes>
            <biomeIds>biomesoplenty:visceral_heap;30,minecraft:mutated_forest;30,minecraft:mutated_plains;30,biomesoplenty:redwood_forest_edge;30,biomesoplenty:coral_reef;30</biomeIds>
            <planet DIMID="9" name="Sol 8: 0">
                <isKnown>false</isKnown>
                <fogColor>1.0,1.0,1.0</fogColor>
                <skyColor>0.8,0.6658894,0.85726756</skyColor>
                <gravitationalMultiplier>58</gravitationalMultiplier>
                <orbitalDistance>112</orbitalDistance>
                <orbitalTheta>206</orbitalTheta>
                <orbitalPhi>110</orbitalPhi>
                <retrograde>false</retrograde>
                <avgTemperature>241</avgTemperature>
                <rotationalPeriod>116857</rotationalPeriod>
                <atmosphereDensity>37</atmosphereDensity>
                <generateCraters>true</generateCraters>
                <generateCaves>false</generateCaves>
                <generateVolcanos>false</generateVolcanos>
                <generateStructures>false</generateStructures>
                <generateGeodes>false</generateGeodes>
                <biomeIds>advancedrocketry:crystalchasms;30</biomeIds>
            </planet>
            <planet DIMID="10" name="Sol 8: 1">
                <isKnown>false</isKnown>
                <fogColor>1.0,1.0,1.0</fogColor>
                <skyColor>0.8,0.74450743,1.0</skyColor>
                <gravitationalMultiplier>70</gravitationalMultiplier>
                <orbitalDistance>154</orbitalDistance>
                <orbitalTheta>178</orbitalTheta>
                <orbitalPhi>-73</orbitalPhi>
                <retrograde>false</retrograde>
                <avgTemperature>206</avgTemperature>
                <rotationalPeriod>69970</rotationalPeriod>
                <atmosphereDensity>18</atmosphereDensity>
                <generateCraters>true</generateCraters>
                <generateCaves>false</generateCaves>
                <generateVolcanos>false</generateVolcanos>
                <generateStructures>false</generateStructures>
                <generateGeodes>false</generateGeodes>
                <biomeIds>advancedrocketry:moon;30,advancedrocketry:moondark;30</biomeIds>
            </planet>
            <planet DIMID="11" name="Sol 8: 2">
                <isKnown>false</isKnown>
                <fogColor>1.0,1.0,1.0</fogColor>
                <skyColor>0.8,0.99779725,0.9479722</skyColor>
                <gravitationalMultiplier>63</gravitationalMultiplier>
                <orbitalDistance>164</orbitalDistance>
                <orbitalTheta>54</orbitalTheta>
                <orbitalPhi>17</orbitalPhi>
                <retrograde>false</retrograde>
                <avgTemperature>199</avgTemperature>
                <rotationalPeriod>95981</rotationalPeriod>
                <atmosphereDensity>18</atmosphereDensity>
                <generateCraters>true</generateCraters>
                <generateCaves>false</generateCaves>
                <generateVolcanos>false</generateVolcanos>
                <generateStructures>false</generateStructures>
                <generateGeodes>false</generateGeodes>
                <biomeIds>advancedrocketry:moon;30,advancedrocketry:moondark;30</biomeIds>
            </planet>
        </planet>
        <planet DIMID="12" name="Sol 12">
            <isKnown>false</isKnown>
            <fogColor>1.0,1.0,1.0</fogColor>
            <skyColor>0.8,0.9302883,1.0</skyColor>
            <gravitationalMultiplier>129</gravitationalMultiplier>
            <orbitalDistance>180</orbitalDistance>
            <orbitalTheta>199</orbitalTheta>
            <orbitalPhi>131</orbitalPhi>
            <retrograde>false</retrograde>
            <avgTemperature>196</avgTemperature>
            <rotationalPeriod>11051</rotationalPeriod>
            <atmosphereDensity>70</atmosphereDensity>
            <generateCraters>true</generateCraters>
            <generateCaves>false</generateCaves>
            <generateVolcanos>false</generateVolcanos>
            <generateStructures>false</generateStructures>
            <generateGeodes>false</generateGeodes>
            <biomeIds>minecraft:mutated_extreme_hills;30,biomesoplenty:cherry_blossom_grove;30,minecraft:stone_beach;30,biomesoplenty:temperate_rainforest;30,biomesoplenty:tropical_island;30</biomeIds>
            <planet DIMID="13" name="Sol 12: 0">
                <isKnown>false</isKnown>
                <fogColor>1.0,1.0,1.0</fogColor>
                <skyColor>0.8,0.7347008,0.8536371</skyColor>
                <gravitationalMultiplier>48</gravitationalMultiplier>
                <orbitalDistance>112</orbitalDistance>
                <orbitalTheta>225</orbitalTheta>
                <orbitalPhi>89</orbitalPhi>
                <retrograde>false</retrograde>
                <avgTemperature>241</avgTemperature>
                <rotationalPeriod>217013</rotationalPeriod>
                <atmosphereDensity>22</atmosphereDensity>
                <generateCraters>true</generateCraters>
                <generateCaves>false</generateCaves>
                <generateVolcanos>false</generateVolcanos>
                <generateStructures>false</generateStructures>
                <generateGeodes>false</generateGeodes>
                <biomeIds>advancedrocketry:moon;30,advancedrocketry:moondark;30</biomeIds>
            </planet>
        </planet>
        <planet DIMID="14" name="Sol 14">
            <isKnown>false</isKnown>
            <fogColor>1.0,1.0,1.0</fogColor>
            <skyColor>0.8,0.9505092,0.7611611</skyColor>
            <gravitationalMultiplier>101</gravitationalMultiplier>
            <orbitalDistance>157</orbitalDistance>
            <orbitalTheta>238</orbitalTheta>
            <orbitalPhi>10</orbitalPhi>
            <retrograde>false</retrograde>
            <avgTemperature>266</avgTemperature>
            <rotationalPeriod>22951</rotationalPeriod>
            <atmosphereDensity>180</atmosphereDensity>
            <generateCraters>false</generateCraters>
            <generateCaves>false</generateCaves>
            <generateVolcanos>false</generateVolcanos>
            <generateStructures>true</generateStructures>
            <generateGeodes>true</generateGeodes>
            <biomeIds>biomesoplenty:kelp_forest;30,minecraft:deep_ocean;30,biomesoplenty:lush_swamp;30,biomesoplenty:corrupted_sands;30,lepidodendron:appleorchard;2</biomeIds>
            <planet DIMID="16" name="Sol 14: 1">
                <isKnown>false</isKnown>
                <fogColor>1.0,1.0,1.0</fogColor>
                <skyColor>0.8,0.9025441,1.0</skyColor>
                <gravitationalMultiplier>68</gravitationalMultiplier>
                <orbitalDistance>158</orbitalDistance>
                <orbitalTheta>153</orbitalTheta>
                <orbitalPhi>-25</orbitalPhi>
                <retrograde>false</retrograde>
                <avgTemperature>203</avgTemperature>
                <rotationalPeriod>76328</rotationalPeriod>
                <atmosphereDensity>20</atmosphereDensity>
                <generateCraters>true</generateCraters>
                <generateCaves>false</generateCaves>
                <generateVolcanos>false</generateVolcanos>
                <generateStructures>false</generateStructures>
                <generateGeodes>false</generateGeodes>
                <biomeIds>advancedrocketry:moon;30,advancedrocketry:moondark;30</biomeIds>
            </planet>
            <planet DIMID="15" name="Sol 14: 0">
                <isKnown>false</isKnown>
                <fogColor>1.0,1.0,1.0</fogColor>
                <skyColor>0.8,0.54527926,0.8075317</skyColor>
                <gravitationalMultiplier>42</gravitationalMultiplier>
                <orbitalDistance>106</orbitalDistance>
                <orbitalTheta>40</orbitalTheta>
                <orbitalPhi>-269</orbitalPhi>
                <retrograde>false</retrograde>
                <avgTemperature>248</avgTemperature>
                <rotationalPeriod>323939</rotationalPeriod>
                <atmosphereDensity>35</atmosphereDensity>
                <generateCraters>true</generateCraters>
                <generateCaves>false</generateCaves>
                <generateVolcanos>false</generateVolcanos>
                <generateStructures>false</generateStructures>
                <generateGeodes>false</generateGeodes>
                <biomeIds>lepidodendron:olivegrove;1,minecraft:mutated_redwood_taiga_hills;30,minecraft:mutated_savanna;30,minecraft:mutated_birch_forest_hills;30,advancedrocketry:crystalchasms;30</biomeIds>
            </planet>
        </planet>
    </star>
    <star blackHole="false" name="Wolf 12" numGasGiants="0" numPlanets="0" size="1.0" temp="10" x="300" y="-200">
        <planet DIMID="32" name="Wolf 12 32">
            <isKnown>false</isKnown>
            <fogColor>1.0,1.0,1.0</fogColor>
            <skyColor>0.29881215,0.86509717,1.0</skyColor>
            <gravitationalMultiplier>104</gravitationalMultiplier>
            <orbitalDistance>173</orbitalDistance>
            <orbitalTheta>280</orbitalTheta>
            <orbitalPhi>-88</orbitalPhi>
            <retrograde>false</retrograde>
            <avgTemperature>19</avgTemperature>
            <rotationalPeriod>21031</rotationalPeriod>
            <atmosphereDensity>0</atmosphereDensity>
            <generateCraters>true</generateCraters>
            <generateCaves>false</generateCaves>
            <generateVolcanos>false</generateVolcanos>
            <generateStructures>false</generateStructures>
            <generateGeodes>false</generateGeodes>
            <biomeIds>advancedrocketry:moon;30,advancedrocketry:moondark;30</biomeIds>
            <planet DIMID="33" name="Wolf 12 32: 0">
                <isKnown>false</isKnown>
                <fogColor>1.0,1.0,1.0</fogColor>
                <skyColor>0.32547504,0.87136525,1.0</skyColor>
                <gravitationalMultiplier>75</gravitationalMultiplier>
                <orbitalDistance>125</orbitalDistance>
                <orbitalTheta>216</orbitalTheta>
                <orbitalPhi>87</orbitalPhi>
                <retrograde>false</retrograde>
                <avgTemperature>22</avgTemperature>
                <rotationalPeriod>56888</rotationalPeriod>
                <atmosphereDensity>32</atmosphereDensity>
                <generateCraters>true</generateCraters>
                <generateCaves>false</generateCaves>
                <generateVolcanos>false</generateVolcanos>
                <generateStructures>false</generateStructures>
                <generateGeodes>false</generateGeodes>
                <biomeIds>minecraft:jungle_hills;30,biomesoplenty:quagmire;30,minecraft:mutated_plains;30,biomesoplenty:highland;30,biomesoplenty:woodland;30</biomeIds>
            </planet>
            <planet DIMID="34" name="Wolf 12 32: 1">
                <isKnown>false</isKnown>
                <fogColor>1.0,1.0,1.0</fogColor>
                <skyColor>0.32047343,0.8154866,1.0</skyColor>
                <gravitationalMultiplier>30</gravitationalMultiplier>
                <orbitalDistance>117</orbitalDistance>
                <orbitalTheta>45</orbitalTheta>
                <orbitalPhi>33</orbitalPhi>
                <retrograde>false</retrograde>
                <avgTemperature>23</avgTemperature>
                <rotationalPeriod>888888</rotationalPeriod>
                <atmosphereDensity>24</atmosphereDensity>
                <generateCraters>true</generateCraters>
                <generateCaves>false</generateCaves>
                <generateVolcanos>false</generateVolcanos>
                <generateStructures>false</generateStructures>
                <generateGeodes>false</generateGeodes>
                <seaLevel>49</seaLevel>
                <biomeIds>advancedrocketry:moon;30,advancedrocketry:moondark;30</biomeIds>
            </planet>
        </planet>
        <planet DIMID="35" name="Wolf 12 35">
            <isKnown>false</isKnown>
            <fogColor>1.0,1.0,1.0</fogColor>
            <skyColor>0.3874333,0.81608117,1.0</skyColor>
            <gravitationalMultiplier>130</gravitationalMultiplier>
            <orbitalDistance>125</orbitalDistance>
            <orbitalTheta>244</orbitalTheta>
            <orbitalPhi>-192</orbitalPhi>
            <retrograde>false</retrograde>
            <avgTemperature>27</avgTemperature>
            <rotationalPeriod>10923</rotationalPeriod>
            <atmosphereDensity>128</atmosphereDensity>
            <generateCraters>false</generateCraters>
            <generateCaves>false</generateCaves>
            <generateVolcanos>false</generateVolcanos>
            <generateStructures>false</generateStructures>
            <generateGeodes>true</generateGeodes>
            <seaLevel>65</seaLevel>
            <biomeIds>minecraft:mutated_roofed_forest;30,minecraft:beaches;30,biomesoplenty:ominous_woods;30,minecraft:mutated_birch_forest;30,biomesoplenty:visceral_heap;30</biomeIds>
            <planet DIMID="36" name="Wolf 12 35: 0">
                <isKnown>false</isKnown>
                <fogColor>1.0,1.0,1.0</fogColor>
                <skyColor>0.29677218,0.70731914,1.0</skyColor>
                <gravitationalMultiplier>48</gravitationalMultiplier>
                <orbitalDistance>135</orbitalDistance>
                <orbitalTheta>151</orbitalTheta>
                <orbitalPhi>-66</orbitalPhi>
                <retrograde>false</retrograde>
                <avgTemperature>22</avgTemperature>
                <rotationalPeriod>217013</rotationalPeriod>
                <atmosphereDensity>29</atmosphereDensity>
                <generateCraters>true</generateCraters>
                <generateCaves>false</generateCaves>
                <generateVolcanos>false</generateVolcanos>
                <generateStructures>false</generateStructures>
                <generateGeodes>false</generateGeodes>
                <biomeIds>minecraft:beaches;30,biomesoplenty:volcanic_island;30,biomesoplenty:origin_beach;30,minecraft:mutated_plains;30,minecraft:extreme_hills;10</biomeIds>
            </planet>
        </planet>
        <planet DIMID="37" name="Wolf 12 37">
            <isKnown>false</isKnown>
            <fogColor>1.0,1.0,1.0</fogColor>
            <skyColor>0.3341747,0.8806095,1.0</skyColor>
            <gravitationalMultiplier>130</gravitationalMultiplier>
            <orbitalDistance>73</orbitalDistance>
            <orbitalTheta>193</orbitalTheta>
            <orbitalPhi>-191</orbitalPhi>
            <retrograde>false</retrograde>
            <avgTemperature>34</avgTemperature>
            <rotationalPeriod>10923</rotationalPeriod>
            <atmosphereDensity>114</atmosphereDensity>
            <generateCraters>false</generateCraters>
            <generateCaves>false</generateCaves>
            <generateVolcanos>false</generateVolcanos>
            <generateStructures>false</generateStructures>
            <generateGeodes>false</generateGeodes>
            <seaLevel>80</seaLevel>
            <biomeIds>minecraft:mutated_redwood_taiga_hills;30,advancedrocketry:oceanspires;30,biomesoplenty:ominous_woods;30,biomesoplenty:lavender_fields;30,biomesoplenty:highland;30</biomeIds>
        </planet>
        <planet DIMID="25" name="Wolf 12 25">
            <isKnown>false</isKnown>
            <fogColor>1.0,1.0,1.0</fogColor>
            <skyColor>0.40507692,0.7515225,1.0</skyColor>
            <gravitationalMultiplier>128</gravitationalMultiplier>
            <orbitalDistance>91</orbitalDistance>
            <orbitalTheta>258</orbitalTheta>
            <orbitalPhi>150</orbitalPhi>
            <retrograde>false</retrograde>
            <avgTemperature>35</avgTemperature>
            <rotationalPeriod>11311</rotationalPeriod>
            <atmosphereDensity>184</atmosphereDensity>
            <generateCraters>false</generateCraters>
            <generateCaves>false</generateCaves>
            <generateVolcanos>false</generateVolcanos>
            <generateStructures>false</generateStructures>
            <generateGeodes>true</generateGeodes>
            <biomeIds>minecraft:birch_forest;10,jeid:error_biome;30,minecraft:jungle_edge;30,biomesoplenty:temperate_rainforest;30,minecraft:mutated_redwood_taiga;30</biomeIds>
            <planet DIMID="26" name="Wolf 12 25: 0">
                <isKnown>false</isKnown>
                <fogColor>1.0,1.0,1.0</fogColor>
                <skyColor>0.29903537,0.9905497,1.0</skyColor>
                <gravitationalMultiplier>57</gravitationalMultiplier>
                <orbitalDistance>143</orbitalDistance>
                <orbitalTheta>290</orbitalTheta>
                <orbitalPhi>-275</orbitalPhi>
                <retrograde>false</retrograde>
                <avgTemperature>21</avgTemperature>
                <rotationalPeriod>129594</rotationalPeriod>
                <atmosphereDensity>34</atmosphereDensity>
                <generateCraters>true</generateCraters>
                <generateCaves>false</generateCaves>
                <generateVolcanos>false</generateVolcanos>
                <generateStructures>false</generateStructures>
                <generateGeodes>false</generateGeodes>
                <biomeIds>minecraft:mushroom_island;30,biomesoplenty:phantasmagoric_inferno;30,biomesoplenty:pasture;30,biomesoplenty:lush_swamp;30,biomesoplenty:moor;30</biomeIds>
            </planet>
            <planet DIMID="27" name="Wolf 12 25: 1">
                <isKnown>false</isKnown>
                <fogColor>1.0,1.0,1.0</fogColor>
                <skyColor>0.3006236,0.84125006,1.0</skyColor>
                <gravitationalMultiplier>85</gravitationalMultiplier>
                <orbitalDistance>165</orbitalDistance>
                <orbitalTheta>10</orbitalTheta>
                <orbitalPhi>49</orbitalPhi>
                <retrograde>false</retrograde>
                <avgTemperature>19</avgTemperature>
                <rotationalPeriod>39079</rotationalPeriod>
                <atmosphereDensity>26</atmosphereDensity>
                <generateCraters>true</generateCraters>
                <generateCaves>false</generateCaves>
                <generateVolcanos>false</generateVolcanos>
                <generateStructures>false</generateStructures>
                <generateGeodes>false</generateGeodes>
                <biomeIds>minecraft:mutated_redwood_taiga;30,minecraft:mutated_jungle;30,minecraft:mutated_birch_forest_hills;30,biomesoplenty:mystic_grove;30,biomesoplenty:xeric_shrubland;30</biomeIds>
            </planet>
        </planet>
        <planet DIMID="28" name="Wolf 12 28">
            <isKnown>false</isKnown>
            <fogColor>1.0,1.0,1.0</fogColor>
            <skyColor>0.29303867,0.7538267,1.0</skyColor>
            <gravitationalMultiplier>104</gravitationalMultiplier>
            <orbitalDistance>147</orbitalDistance>
            <orbitalTheta>73</orbitalTheta>
            <orbitalPhi>-173</orbitalPhi>
            <retrograde>false</retrograde>
            <avgTemperature>25</avgTemperature>
            <rotationalPeriod>19868</rotationalPeriod>
            <atmosphereDensity>143</atmosphereDensity>
            <generateCraters>false</generateCraters>
            <generateCaves>false</generateCaves>
            <generateVolcanos>false</generateVolcanos>
            <generateStructures>false</generateStructures>
            <generateGeodes>true</generateGeodes>
            <biomeIds>minecraft:mutated_plains;30,biomesoplenty:highland;30,minecraft:forest;10,minecraft:mushroom_island;30,minecraft:extreme_hills_with_trees;30</biomeIds>
            <planet DIMID="29" name="Wolf 12 28: 0">
                <isKnown>false</isKnown>
                <fogColor>1.0,1.0,1.0</fogColor>
                <skyColor>0.344832,0.7338797,1.0</skyColor>
                <gravitationalMultiplier>44</gravitationalMultiplier>
                <orbitalDistance>185</orbitalDistance>
                <orbitalTheta>151</orbitalTheta>
                <orbitalPhi>20</orbitalPhi>
                <retrograde>false</retrograde>
                <avgTemperature>18</avgTemperature>
                <rotationalPeriod>281743</rotationalPeriod>
                <atmosphereDensity>13</atmosphereDensity>
                <generateCraters>true</generateCraters>
                <generateCaves>false</generateCaves>
                <generateVolcanos>false</generateVolcanos>
                <generateStructures>false</generateStructures>
                <generateGeodes>false</generateGeodes>
                <biomeIds>advancedrocketry:moon;30,advancedrocketry:moondark;30</biomeIds>
            </planet>
            <planet DIMID="30" name="Wolf 12 28: 1">
                <isKnown>false</isKnown>
                <fogColor>1.0,1.0,1.0</fogColor>
                <skyColor>0.33712953,0.6739008,1.0</skyColor>
                <gravitationalMultiplier>38</gravitationalMultiplier>
                <orbitalDistance>139</orbitalDistance>
                <orbitalTheta>328</orbitalTheta>
                <orbitalPhi>-7</orbitalPhi>
                <retrograde>false</retrograde>
                <avgTemperature>21</avgTemperature>
                <rotationalPeriod>437381</rotationalPeriod>
                <atmosphereDensity>37</atmosphereDensity>
                <generateCraters>true</generateCraters>
                <generateCaves>false</generateCaves>
                <generateVolcanos>false</generateVolcanos>
                <generateStructures>false</generateStructures>
                <generateGeodes>false</generateGeodes>
                <biomeIds>minecraft:mutated_redwood_taiga;30,biomesoplenty:tropical_rainforest;30,minecraft:swampland;10,biomesoplenty:chaparral;30,biomesoplenty:origin_beach;30</biomeIds>
            </planet>
            <planet DIMID="31" name="Wolf 12 28: 2">
                <isKnown>false</isKnown>
                <fogColor>1.0,1.0,1.0</fogColor>
                <skyColor>0.27107394,0.63203883,1.0</skyColor>
                <gravitationalMultiplier>67</gravitationalMultiplier>
                <orbitalDistance>166</orbitalDistance>
                <orbitalTheta>145</orbitalTheta>
                <orbitalPhi>-137</orbitalPhi>
                <retrograde>false</retrograde>
                <avgTemperature>19</avgTemperature>
                <rotationalPeriod>79797</rotationalPeriod>
                <atmosphereDensity>17</atmosphereDensity>
                <generateCraters>true</generateCraters>
                <generateCaves>false</generateCaves>
                <generateVolcanos>false</generateVolcanos>
                <generateStructures>false</generateStructures>
                <generateGeodes>false</generateGeodes>
                <biomeIds>advancedrocketry:moon;30,advancedrocketry:moondark;30</biomeIds>
            </planet>
        </planet>
    </star>
    <star blackHole="false" name="Epsilon ire" numGasGiants="0" numPlanets="0" size="1.0" temp="170" x="-200" y="80">
        <planet DIMID="50" name="Epsilon ire 50">
            <isKnown>false</isKnown>
            <fogColor>1.0,1.0,1.0</fogColor>
            <skyColor>0.8,0.66361856,0.058760047</skyColor>
            <gravitationalMultiplier>130</gravitationalMultiplier>
            <orbitalDistance>126</orbitalDistance>
            <orbitalTheta>183</orbitalTheta>
            <orbitalPhi>-290</orbitalPhi>
            <retrograde>false</retrograde>
            <avgTemperature>487</avgTemperature>
            <rotationalPeriod>10923</rotationalPeriod>
            <atmosphereDensity>157</atmosphereDensity>
            <generateCraters>false</generateCraters>
            <generateCaves>false</generateCaves>
            <generateVolcanos>true</generateVolcanos>
            <generateStructures>false</generateStructures>
            <generateGeodes>true</generateGeodes>
            <biomeIds>biomesoplenty:undergarden;30,biomesoplenty:visceral_heap;30,biomesoplenty:bayou;30,minecraft:mutated_mesa_rock;30,minecraft:jungle_hills;30</biomeIds>
            <planet DIMID="51" name="Epsilon ire 50: 0">
                <isKnown>false</isKnown>
                <fogColor>1.0,1.0,1.0</fogColor>
                <skyColor>0.8,0.954437,0.6164032</skyColor>
                <gravitationalMultiplier>55</gravitationalMultiplier>
                <orbitalDistance>187</orbitalDistance>
                <orbitalTheta>244</orbitalTheta>
                <orbitalPhi>-336</orbitalPhi>
                <retrograde>false</retrograde>
                <avgTemperature>318</avgTemperature>
                <rotationalPeriod>144252</rotationalPeriod>
                <atmosphereDensity>34</atmosphereDensity>
                <generateCraters>true</generateCraters>
                <generateCaves>false</generateCaves>
                <generateVolcanos>false</generateVolcanos>
                <generateStructures>false</generateStructures>
                <generateGeodes>false</generateGeodes>
                <biomeIds>minecraft:extreme_hills;10</biomeIds>
            </planet>
            <oceanBlock>minecraft:lava</oceanBlock>
        </planet>
        <planet DIMID="38" name="Epsilon ire 38">
            <isKnown>false</isKnown>
            <fogColor>1.0,1.0,1.0</fogColor>
            <skyColor>0.8,0.600157,0.0</skyColor>
            <gravitationalMultiplier>104</gravitationalMultiplier>
            <orbitalDistance>57</orbitalDistance>
            <orbitalTheta>320</orbitalTheta>
            <orbitalPhi>-98</orbitalPhi>
            <retrograde>false</retrograde>
            <avgTemperature>758</avgTemperature>
            <rotationalPeriod>19868</rotationalPeriod>
            <atmosphereDensity>188</atmosphereDensity>
            <generateCraters>false</generateCraters>
            <generateCaves>false</generateCaves>
            <generateVolcanos>true</generateVolcanos>
            <generateStructures>false</generateStructures>
            <generateGeodes>true</generateGeodes>
            <biomeIds>minecraft:mutated_savanna;30,minecraft:mutated_mesa_clear_rock;30,biomesoplenty:undergarden;30,minecraft:mutated_mesa;30,biomesoplenty:volcanic_island;30</biomeIds>
            <planet DIMID="39" name="Epsilon ire 38: 0">
                <isKnown>false</isKnown>
                <fogColor>1.0,1.0,1.0</fogColor>
                <skyColor>0.8,0.9128034,0.57255507</skyColor>
                <gravitationalMultiplier>75</gravitationalMultiplier>
                <orbitalDistance>191</orbitalDistance>
                <orbitalTheta>49</orbitalTheta>
                <orbitalPhi>-152</orbitalPhi>
                <retrograde>false</retrograde>
                <avgTemperature>314</avgTemperature>
                <rotationalPeriod>56888</rotationalPeriod>
                <atmosphereDensity>16</atmosphereDensity>
                <generateCraters>true</generateCraters>
                <generateCaves>false</generateCaves>
                <generateVolcanos>false</generateVolcanos>
                <generateStructures>false</generateStructures>
                <generateGeodes>false</generateGeodes>
                <biomeIds>advancedrocketry:moon;30,advancedrocketry:moondark;30</biomeIds>
            </planet>
            <planet DIMID="40" name="Epsilon ire 38: 1">
                <isKnown>false</isKnown>
                <fogColor>1.0,1.0,1.0</fogColor>
                <skyColor>0.8,0.51473343,0.40513647</skyColor>
                <gravitationalMultiplier>35</gravitationalMultiplier>
                <orbitalDistance>128</orbitalDistance>
                <orbitalTheta>344</orbitalTheta>
                <orbitalPhi>-276</orbitalPhi>
                <retrograde>false</retrograde>
                <avgTemperature>384</avgTemperature>
                <rotationalPeriod>559766</rotationalPeriod>
                <atmosphereDensity>19</atmosphereDensity>
                <generateCraters>true</generateCraters>
                <generateCaves>false</generateCaves>
                <generateVolcanos>false</generateVolcanos>
                <generateStructures>false</generateStructures>
                <generateGeodes>false</generateGeodes>
                <biomeIds>advancedrocketry:moon;30,advancedrocketry:moondark;30</biomeIds>
            </planet>
            <oceanBlock>minecraft:lava</oceanBlock>
        </planet>
        <planet DIMID="41" name="Epsilon ire 41">
            <isKnown>false</isKnown>
            <fogColor>1.0,1.0,1.0</fogColor>
            <skyColor>0.8,0.69913626,0.09337568</skyColor>
            <gravitationalMultiplier>112</gravitationalMultiplier>
            <orbitalDistance>128</orbitalDistance>
            <orbitalTheta>159</orbitalTheta>
            <orbitalPhi>325</orbitalPhi>
            <retrograde>false</retrograde>
            <avgTemperature>458</avgTemperature>
            <rotationalPeriod>16855</rotationalPeriod>
            <atmosphereDensity>126</atmosphereDensity>
            <generateCraters>false</generateCraters>
            <generateCaves>false</generateCaves>
            <generateVolcanos>true</generateVolcanos>
            <generateStructures>false</generateStructures>
            <generateGeodes>true</generateGeodes>
            <biomeIds>minecraft:ocean;30,minecraft:mutated_jungle;30,biomesoplenty:visceral_heap;30,biomesoplenty:volcanic_island;30,biomesoplenty:oasis;30</biomeIds>
            <planet DIMID="42" name="Epsilon ire 41: 0">
                <isKnown>false</isKnown>
                <fogColor>1.0,1.0,1.0</fogColor>
                <skyColor>0.8,0.70244956,0.43353367</skyColor>
                <gravitationalMultiplier>69</gravitationalMultiplier>
                <orbitalDistance>133</orbitalDistance>
                <orbitalTheta>281</orbitalTheta>
                <orbitalPhi>-151</orbitalPhi>
                <retrograde>false</retrograde>
                <avgTemperature>377</avgTemperature>
                <rotationalPeriod>73057</rotationalPeriod>
                <atmosphereDensity>19</atmosphereDensity>
                <generateCraters>true</generateCraters>
                <generateCaves>false</generateCaves>
                <generateVolcanos>false</generateVolcanos>
                <generateStructures>false</generateStructures>
                <generateGeodes>false</generateGeodes>
                <biomeIds>advancedrocketry:moon;30,advancedrocketry:moondark;30</biomeIds>
            </planet>
            <oceanBlock>minecraft:lava</oceanBlock>
        </planet>
        <planet DIMID="43" name="Epsilon ire 43">
            <isKnown>false</isKnown>
            <fogColor>1.0,1.0,1.0</fogColor>
            <skyColor>0.8,0.63053036,0.49285197</skyColor>
            <gravitationalMultiplier>120</gravitationalMultiplier>
            <orbitalDistance>157</orbitalDistance>
            <orbitalTheta>302</orbitalTheta>
            <orbitalPhi>4</orbitalPhi>
            <retrograde>false</retrograde>
            <avgTemperature>347</avgTemperature>
            <rotationalPeriod>13716</rotationalPeriod>
            <atmosphereDensity>0</atmosphereDensity>
            <generateCraters>true</generateCraters>
            <generateCaves>false</generateCaves>
            <generateVolcanos>false</generateVolcanos>
            <generateStructures>false</generateStructures>
            <generateGeodes>false</generateGeodes>
            <biomeIds>advancedrocketry:moon;30,advancedrocketry:moondark;30</biomeIds>
        </planet>
        <planet DIMID="44" name="Epsilon ire 44">
            <isKnown>false</isKnown>
            <fogColor>1.0,1.0,1.0</fogColor>
            <skyColor>0.8,0.6622679,0.0</skyColor>
            <gravitationalMultiplier>130</gravitationalMultiplier>
            <orbitalDistance>129</orbitalDistance>
            <orbitalTheta>1</orbitalTheta>
            <orbitalPhi>-46</orbitalPhi>
            <retrograde>false</retrograde>
            <avgTemperature>524</avgTemperature>
            <rotationalPeriod>10923</rotationalPeriod>
            <atmosphereDensity>219</atmosphereDensity>
            <generateCraters>false</generateCraters>
            <generateCaves>false</generateCaves>
            <generateVolcanos>true</generateVolcanos>
            <generateStructures>false</generateStructures>
            <generateGeodes>true</generateGeodes>
            <seaLevel>52</seaLevel>
            <biomeIds>minecraft:desert;30,biomesoplenty:volcanic_island;30,biomesoplenty:oasis;30,biomesoplenty:kelp_forest;30,minecraft:jungle_edge;30</biomeIds>
            <oceanBlock>minecraft:lava</oceanBlock>
        </planet>
        <planet DIMID="45" name="Epsilon ire 45">
            <isKnown>false</isKnown>
            <fogColor>1.0,1.0,1.0</fogColor>
            <skyColor>0.8,0.81687164,0.0</skyColor>
            <gravitationalMultiplier>130</gravitationalMultiplier>
            <orbitalDistance>27</orbitalDistance>
            <orbitalTheta>94</orbitalTheta>
            <orbitalPhi>-286</orbitalPhi>
            <retrograde>false</retrograde>
            <avgTemperature>943</avgTemperature>
            <rotationalPeriod>10923</rotationalPeriod>
            <atmosphereDensity>101</atmosphereDensity>
            <generateCraters>false</generateCraters>
            <generateCaves>false</generateCaves>
            <generateVolcanos>true</generateVolcanos>
            <generateStructures>false</generateStructures>
            <generateGeodes>false</generateGeodes>
            <seaLevel>65</seaLevel>
            <biomeIds>minecraft:jungle_edge;30,biomesoplenty:fungi_forest;30,minecraft:mutated_mesa_rock;30,minecraft:mutated_savanna_rock;30,minecraft:jungle_hills;30</biomeIds>
            <planet DIMID="46" name="Epsilon ire 45: 0">
                <isKnown>false</isKnown>
                <fogColor>1.0,1.0,1.0</fogColor>
                <skyColor>0.8,0.71723354,0.57282495</skyColor>
                <gravitationalMultiplier>49</gravitationalMultiplier>
                <orbitalDistance>191</orbitalDistance>
                <orbitalTheta>84</orbitalTheta>
                <orbitalPhi>-160</orbitalPhi>
                <retrograde>false</retrograde>
                <avgTemperature>314</avgTemperature>
                <rotationalPeriod>203996</rotationalPeriod>
                <atmosphereDensity>23</atmosphereDensity>
                <generateCraters>true</generateCraters>
                <generateCaves>false</generateCaves>
                <generateVolcanos>false</generateVolcanos>
                <generateStructures>false</generateStructures>
                <generateGeodes>false</generateGeodes>
                <biomeIds>advancedrocketry:moon;30,advancedrocketry:moondark;30</biomeIds>
            </planet>
            <oceanBlock>minecraft:lava</oceanBlock>
        </planet>
        <planet DIMID="47" name="Epsilon ire 47">
            <isKnown>false</isKnown>
            <fogColor>1.0,1.0,1.0</fogColor>
            <skyColor>0.8,0.8296877,0.5226897</skyColor>
            <gravitationalMultiplier>130</gravitationalMultiplier>
            <orbitalDistance>166</orbitalDistance>
            <orbitalTheta>8</orbitalTheta>
            <orbitalPhi>28</orbitalPhi>
            <retrograde>false</retrograde>
            <avgTemperature>337</avgTemperature>
            <rotationalPeriod>10923</rotationalPeriod>
            <atmosphereDensity>46</atmosphereDensity>
            <generateCraters>true</generateCraters>
            <generateCaves>false</generateCaves>
            <generateVolcanos>false</generateVolcanos>
            <generateStructures>false</generateStructures>
            <generateGeodes>false</generateGeodes>
            <biomeIds>biomesoplenty:redwood_forest;30,advancedrocketry:crystalchasms;30,advancedrocketry:oceanspires;30,biomesoplenty:orchard;30,minecraft:mesa_rock;30</biomeIds>
            <planet DIMID="48" name="Epsilon ire 47: 0">
                <isKnown>false</isKnown>
                <fogColor>1.0,1.0,1.0</fogColor>
                <skyColor>0.8,0.59820724,0.65144444</skyColor>
                <gravitationalMultiplier>71</gravitationalMultiplier>
                <orbitalDistance>197</orbitalDistance>
                <orbitalTheta>306</orbitalTheta>
                <orbitalPhi>-105</orbitalPhi>
                <retrograde>false</retrograde>
                <avgTemperature>309</avgTemperature>
                <rotationalPeriod>67055</rotationalPeriod>
                <atmosphereDensity>33</atmosphereDensity>
                <generateCraters>true</generateCraters>
                <generateCaves>false</generateCaves>
                <generateVolcanos>false</generateVolcanos>
                <generateStructures>false</generateStructures>
                <generateGeodes>false</generateGeodes>
                <biomeIds>minecraft:desert_hills;30</biomeIds>
            </planet>
            <planet DIMID="49" name="Epsilon ire 47: 1">
                <isKnown>false</isKnown>
                <fogColor>1.0,1.0,1.0</fogColor>
                <skyColor>0.8,0.8786313,0.26024228</skyColor>
                <gravitationalMultiplier>83</gravitationalMultiplier>
                <orbitalDistance>106</orbitalDistance>
                <orbitalTheta>110</orbitalTheta>
                <orbitalPhi>-37</orbitalPhi>
                <retrograde>false</retrograde>
                <avgTemperature>422</avgTemperature>
                <rotationalPeriod>41973</rotationalPeriod>
                <atmosphereDensity>28</atmosphereDensity>
                <generateCraters>true</generateCraters>
                <generateCaves>false</generateCaves>
                <generateVolcanos>false</generateVolcanos>
                <generateStructures>false</generateStructures>
                <generateGeodes>false</generateGeodes>
                <biomeIds>biomesoplenty:volcanic_island;30,minecraft:mesa_clear_rock;30,biomesoplenty:redwood_forest;30,biomesoplenty:rainforest;30,biomesoplenty:ominous_woods;30</biomeIds>
            </planet>
        </planet>
    </star>
    <star blackHole="false" name="Proxima Centaurs" numGasGiants="0" numPlanets="0" size="1.0" temp="200" x="-150" y="250">
        <planet DIMID="52" name="Proxima Centaurs 52">
            <isKnown>false</isKnown>
            <fogColor>1.0,1.0,1.0</fogColor>
            <skyColor>0.8,0.6766143,0.0</skyColor>
            <gravitationalMultiplier>104</gravitationalMultiplier>
            <orbitalDistance>59</orbitalDistance>
            <orbitalTheta>279</orbitalTheta>
            <orbitalPhi>-130</orbitalPhi>
            <retrograde>false</retrograde>
            <avgTemperature>894</avgTemperature>
            <rotationalPeriod>20438</rotationalPeriod>
            <atmosphereDensity>203</atmosphereDensity>
            <generateCraters>false</generateCraters>
            <generateCaves>false</generateCaves>
            <generateVolcanos>true</generateVolcanos>
            <generateStructures>false</generateStructures>
            <generateGeodes>true</generateGeodes>
            <biomeIds>biomesoplenty:coral_reef;30,advancedrocketry:volcanicbarren;30,minecraft:deep_ocean;30,minecraft:savanna_rock;30,biomesoplenty:undergarden;30</biomeIds>
            <planet DIMID="53" name="Proxima Centaurs 52: 0">
                <isKnown>false</isKnown>
                <fogColor>1.0,1.0,1.0</fogColor>
                <skyColor>0.8,0.9597802,0.0</skyColor>
                <gravitationalMultiplier>65</gravitationalMultiplier>
                <orbitalDistance>105</orbitalDistance>
                <orbitalTheta>244</orbitalTheta>
                <orbitalPhi>-141</orbitalPhi>
                <retrograde>false</retrograde>
                <avgTemperature>499</avgTemperature>
                <rotationalPeriod>87391</rotationalPeriod>
                <atmosphereDensity>14</atmosphereDensity>
                <generateCraters>true</generateCraters>
                <generateCaves>false</generateCaves>
                <generateVolcanos>true</generateVolcanos>
                <generateStructures>false</generateStructures>
                <generateGeodes>false</generateGeodes>
                <seaLevel>81</seaLevel>
                <biomeIds>advancedrocketry:moon;30,advancedrocketry:moondark;30</biomeIds>
                <oceanBlock>minecraft:lava</oceanBlock>
            </planet>
            <planet DIMID="54" name="Proxima Centaurs 52: 1">
                <isKnown>false</isKnown>
                <fogColor>1.0,1.0,1.0</fogColor>
                <skyColor>0.8,0.59299684,0.4317298</skyColor>
                <gravitationalMultiplier>65</gravitationalMultiplier>
                <orbitalDistance>192</orbitalDistance>
                <orbitalTheta>252</orbitalTheta>
                <orbitalPhi>-16</orbitalPhi>
                <retrograde>false</retrograde>
                <avgTemperature>369</avgTemperature>
                <rotationalPeriod>87391</rotationalPeriod>
                <atmosphereDensity>13</atmosphereDensity>
                <generateCraters>true</generateCraters>
                <generateCaves>false</generateCaves>
                <generateVolcanos>false</generateVolcanos>
                <generateStructures>false</generateStructures>
                <generateGeodes>false</generateGeodes>
                <biomeIds>advancedrocketry:moon;30,advancedrocketry:moondark;30</biomeIds>
            </planet>
            <oceanBlock>minecraft:lava</oceanBlock>
        </planet>
        <planet DIMID="55" name="Proxima Centaurs 55">
            <isKnown>false</isKnown>
            <fogColor>1.0,1.0,1.0</fogColor>
            <skyColor>0.8,0.62201214,0.20495176</skyColor>
            <gravitationalMultiplier>92</gravitationalMultiplier>
            <orbitalDistance>143</orbitalDistance>
            <orbitalTheta>168</orbitalTheta>
            <orbitalPhi>-167</orbitalPhi>
            <retrograde>false</retrograde>
            <avgTemperature>427</avgTemperature>
            <rotationalPeriod>30323</rotationalPeriod>
            <atmosphereDensity>53</atmosphereDensity>
            <generateCraters>true</generateCraters>
            <generateCaves>false</generateCaves>
            <generateVolcanos>false</generateVolcanos>
            <generateStructures>false</generateStructures>
            <generateGeodes>false</generateGeodes>
            <biomeIds>minecraft:mutated_savanna;30,biomesoplenty:brushland;30,minecraft:beaches;30,biomesoplenty:gravel_beach;30,minecraft:deep_ocean;30</biomeIds>
        </planet>
        <planet DIMID="56" name="Proxima Centaurs 56">
            <isKnown>false</isKnown>
            <fogColor>1.0,1.0,1.0</fogColor>
            <skyColor>0.8,0.5758257,0.34175074</skyColor>
            <gravitationalMultiplier>130</gravitationalMultiplier>
            <orbitalDistance>165</orbitalDistance>
            <orbitalTheta>243</orbitalTheta>
            <orbitalPhi>-122</orbitalPhi>
            <retrograde>false</retrograde>
            <avgTemperature>398</avgTemperature>
            <rotationalPeriod>10923</rotationalPeriod>
            <atmosphereDensity>41</atmosphereDensity>
            <generateCraters>true</generateCraters>
            <generateCaves>false</generateCaves>
            <generateVolcanos>false</generateVolcanos>
            <generateStructures>false</generateStructures>
            <generateGeodes>false</generateGeodes>
            <biomeIds>minecraft:stone_beach;30,minecraft:jungle;30,biomesoplenty:wasteland;30,minecraft:smaller_extreme_hills;30,biomesoplenty:wetland;30</biomeIds>
        </planet>
    </star>
    <star blackHole="false" name="Magnis Vulpes" numGasGiants="0" numPlanets="0" size="1.0" temp="70" x="-150" y="-250">
        <planet DIMID="57" name="Magnis Vulpes 57">
            <isKnown>false</isKnown>
            <fogColor>1.0,1.0,1.0</fogColor>
            <skyColor>0.8,0.93390226,0.0</skyColor>
            <gravitationalMultiplier>130</gravitationalMultiplier>
            <orbitalDistance>5</orbitalDistance>
            <orbitalTheta>28</orbitalTheta>
            <orbitalPhi>-125</orbitalPhi>
            <retrograde>false</retrograde>
            <avgTemperature>1082</avgTemperature>
            <rotationalPeriod>10923</rotationalPeriod>
            <atmosphereDensity>208</atmosphereDensity>
            <generateCraters>false</generateCraters>
            <generateCaves>false</generateCaves>
            <generateVolcanos>true</generateVolcanos>
            <generateStructures>false</generateStructures>
            <generateGeodes>true</generateGeodes>
            <seaLevel>78</seaLevel>
            <biomeIds>advancedrocketry:marsh;30,minecraft:desert_hills;30,biomesoplenty:xeric_shrubland;30,biomesoplenty:oasis;30,minecraft:mutated_mesa_rock;30</biomeIds>
            <planet DIMID="58" name="Magnis Vulpes 57: 0">
                <isKnown>false</isKnown>
                <fogColor>1.0,1.0,1.0</fogColor>
                <skyColor>0.677093,0.9915708,1.0</skyColor>
                <gravitationalMultiplier>58</gravitationalMultiplier>
                <orbitalDistance>166</orbitalDistance>
                <orbitalTheta>213</orbitalTheta>
                <orbitalPhi>-100</orbitalPhi>
                <retrograde>false</retrograde>
                <avgTemperature>138</avgTemperature>
                <rotationalPeriod>116857</rotationalPeriod>
                <atmosphereDensity>33</atmosphereDensity>
                <generateCraters>true</generateCraters>
                <generateCaves>false</generateCaves>
                <generateVolcanos>false</generateVolcanos>
                <generateStructures>false</generateStructures>
                <generateGeodes>false</generateGeodes>
                <biomeIds>biomesoplenty:wasteland;30,biomesoplenty:lush_desert;30,biomesoplenty:rainforest;30,biomesoplenty:volcanic_island;30,minecraft:forest;10</biomeIds>
            </planet>
            <planet DIMID="59" name="Magnis Vulpes 57: 1">
                <isKnown>false</isKnown>
                <fogColor>1.0,1.0,1.0</fogColor>
                <skyColor>0.6953062,0.5245582,1.0</skyColor>
                <gravitationalMultiplier>76</gravitationalMultiplier>
                <orbitalDistance>167</orbitalDistance>
                <orbitalTheta>283</orbitalTheta>
                <orbitalPhi>-18</orbitalPhi>
                <retrograde>false</retrograde>
                <avgTemperature>138</avgTemperature>
                <rotationalPeriod>54672</rotationalPeriod>
                <atmosphereDensity>35</atmosphereDensity>
                <generateCraters>true</generateCraters>
                <generateCaves>false</generateCaves>
                <generateVolcanos>false</generateVolcanos>
                <generateStructures>false</generateStructures>
                <generateGeodes>false</generateGeodes>
                <biomeIds>advancedrocketry:marsh;30,biomesoplenty:oasis;30,biomesoplenty:phantasmagoric_inferno;30,minecraft:mutated_mesa;30,biomesoplenty:wasteland;30</biomeIds>
            </planet>
            <oceanBlock>minecraft:lava</oceanBlock>
        </planet>
        <planet DIMID="60" name="Magnis Vulpes 60">
            <isKnown>false</isKnown>
            <fogColor>1.0,1.0,1.0</fogColor>
            <skyColor>0.8,0.50837445,0.90526956</skyColor>
            <gravitationalMultiplier>130</gravitationalMultiplier>
            <orbitalDistance>95</orbitalDistance>
            <orbitalTheta>357</orbitalTheta>
            <orbitalPhi>-230</orbitalPhi>
            <retrograde>false</retrograde>
            <avgTemperature>224</avgTemperature>
            <rotationalPeriod>10923</rotationalPeriod>
            <atmosphereDensity>139</atmosphereDensity>
            <generateCraters>false</generateCraters>
            <generateCaves>false</generateCaves>
            <generateVolcanos>false</generateVolcanos>
            <generateStructures>false</generateStructures>
            <generateGeodes>true</generateGeodes>
            <biomeIds>advancedrocketry:crystalchasms;30</biomeIds>
            <planet DIMID="61" name="Magnis Vulpes 60: 0">
                <isKnown>false</isKnown>
                <fogColor>1.0,1.0,1.0</fogColor>
                <skyColor>0.8,0.82348573,1.0</skyColor>
                <gravitationalMultiplier>70</gravitationalMultiplier>
                <orbitalDistance>129</orbitalDistance>
                <orbitalTheta>153</orbitalTheta>
                <orbitalPhi>-124</orbitalPhi>
                <retrograde>false</retrograde>
                <avgTemperature>157</avgTemperature>
                <rotationalPeriod>69970</rotationalPeriod>
                <atmosphereDensity>28</atmosphereDensity>
                <generateCraters>true</generateCraters>
                <generateCaves>false</generateCaves>
                <generateVolcanos>false</generateVolcanos>
                <generateStructures>false</generateStructures>
                <generateGeodes>false</generateGeodes>
                <biomeIds>biomesoplenty:corrupted_sands;30,biomesoplenty:ominous_woods;30,minecraft:mushroom_island_shore;30,minecraft:mutated_plains;30,advancedrocketry:marsh;30</biomeIds>
            </planet>
            <planet DIMID="62" name="Magnis Vulpes 60: 1">
                <isKnown>false</isKnown>
                <fogColor>1.0,1.0,1.0</fogColor>
                <skyColor>0.79378617,0.6273961,1.0</skyColor>
                <gravitationalMultiplier>44</gravitationalMultiplier>
                <orbitalDistance>106</orbitalDistance>
                <orbitalTheta>195</orbitalTheta>
                <orbitalPhi>-186</orbitalPhi>
                <retrograde>false</retrograde>
                <avgTemperature>173</avgTemperature>
                <rotationalPeriod>281743</rotationalPeriod>
                <atmosphereDensity>35</atmosphereDensity>
                <generateCraters>true</generateCraters>
                <generateCaves>false</generateCaves>
                <generateVolcanos>false</generateVolcanos>
                <generateStructures>false</generateStructures>
                <generateGeodes>false</generateGeodes>
                <biomeIds>biomesoplenty:temperate_rainforest;30,biomesoplenty:oasis;30,minecraft:mesa;30,biomesoplenty:lush_swamp;30,lepidodendron:olivegrove;1</biomeIds>
            </planet>
        </planet>
    </star>
    <star blackHole="false" name="Ma-Roo" numGasGiants="0" numPlanets="0" size="1.0" temp="200" x="50" y="-250">
        <planet DIMID="64" name="Ma-Roo 64">
            <isKnown>false</isKnown>
            <fogColor>1.0,1.0,1.0</fogColor>
            <skyColor>0.8,0.6025704,0.0</skyColor>
            <gravitationalMultiplier>114</gravitationalMultiplier>
            <orbitalDistance>104</orbitalDistance>
            <orbitalTheta>68</orbitalTheta>
            <orbitalPhi>-29</orbitalPhi>
            <retrograde>false</retrograde>
            <avgTemperature>576</avgTemperature>
            <rotationalPeriod>15988</rotationalPeriod>
            <atmosphereDensity>109</atmosphereDensity>
            <generateCraters>false</generateCraters>
            <generateCaves>false</generateCaves>
            <generateVolcanos>true</generateVolcanos>
            <generateStructures>false</generateStructures>
            <generateGeodes>false</generateGeodes>
            <seaLevel>67</seaLevel>
            <biomeIds>biomesoplenty:undergarden;30,minecraft:desert;30,minecraft:jungle_hills;30,minecraft:frozen_ocean;30,biomesoplenty:kelp_forest;30</biomeIds>
            <planet DIMID="65" name="Ma-Roo 64: 0">
                <isKnown>false</isKnown>
                <fogColor>1.0,1.0,1.0</fogColor>
                <skyColor>0.8,0.7962723,0.16724837</skyColor>
                <gravitationalMultiplier>50</gravitationalMultiplier>
                <orbitalDistance>141</orbitalDistance>
                <orbitalTheta>196</orbitalTheta>
                <orbitalPhi>287</orbitalPhi>
                <retrograde>false</retrograde>
                <avgTemperature>430</avgTemperature>
                <rotationalPeriod>192000</rotationalPeriod>
                <atmosphereDensity>32</atmosphereDensity>
                <generateCraters>true</generateCraters>
                <generateCaves>false</generateCaves>
                <generateVolcanos>false</generateVolcanos>
                <generateStructures>false</generateStructures>
                <generateGeodes>false</generateGeodes>
                <biomeIds>biomesoplenty:lush_swamp;30,minecraft:mutated_savanna;30,lepidodendron:appleorchard;2,minecraft:mutated_plains;30,biomesoplenty:undergarden;30</biomeIds>
            </planet>
            <planet DIMID="66" name="Ma-Roo 64: 1">
                <isKnown>false</isKnown>
                <fogColor>1.0,1.0,1.0</fogColor>
                <skyColor>0.8,0.7228501,0.2032131</skyColor>
                <gravitationalMultiplier>50</gravitationalMultiplier>
                <orbitalDistance>141</orbitalDistance>
                <orbitalTheta>24</orbitalTheta>
                <orbitalPhi>-357</orbitalPhi>
                <retrograde>false</retrograde>
                <avgTemperature>430</avgTemperature>
                <rotationalPeriod>192000</rotationalPeriod>
                <atmosphereDensity>24</atmosphereDensity>
                <generateCraters>true</generateCraters>
                <generateCaves>false</generateCaves>
                <generateVolcanos>false</generateVolcanos>
                <generateStructures>false</generateStructures>
                <generateGeodes>false</generateGeodes>
                <biomeIds>advancedrocketry:moon;30,advancedrocketry:moondark;30</biomeIds>
            </planet>
            <oceanBlock>minecraft:lava</oceanBlock>
        </planet>
        <planet DIMID="67" name="Ma-Roo 67">
            <isKnown>false</isKnown>
            <fogColor>1.0,1.0,1.0</fogColor>
            <skyColor>0.8,0.7678544,0.330334</skyColor>
            <gravitationalMultiplier>130</gravitationalMultiplier>
            <orbitalDistance>157</orbitalDistance>
            <orbitalTheta>277</orbitalTheta>
            <orbitalPhi>-144</orbitalPhi>
            <retrograde>false</retrograde>
            <avgTemperature>408</avgTemperature>
            <rotationalPeriod>10923</rotationalPeriod>
            <atmosphereDensity>0</atmosphereDensity>
            <generateCraters>true</generateCraters>
            <generateCaves>false</generateCaves>
            <generateVolcanos>false</generateVolcanos>
            <generateStructures>false</generateStructures>
            <generateGeodes>false</generateGeodes>
            <biomeIds>advancedrocketry:moon;30,advancedrocketry:moondark;30</biomeIds>
            <planet DIMID="68" name="Ma-Roo 67: 0">
                <isKnown>false</isKnown>
                <fogColor>1.0,1.0,1.0</fogColor>
                <skyColor>0.8,0.7095145,0.41032523</skyColor>
                <gravitationalMultiplier>64</gravitationalMultiplier>
                <orbitalDistance>194</orbitalDistance>
                <orbitalTheta>70</orbitalTheta>
                <orbitalPhi>67</orbitalPhi>
                <retrograde>false</retrograde>
                <avgTemperature>367</avgTemperature>
                <rotationalPeriod>91552</rotationalPeriod>
                <atmosphereDensity>31</atmosphereDensity>
                <generateCraters>true</generateCraters>
                <generateCaves>false</generateCaves>
                <generateVolcanos>false</generateVolcanos>
                <generateStructures>false</generateStructures>
                <generateGeodes>false</generateGeodes>
                <biomeIds>minecraft:frozen_ocean;30,minecraft:mutated_forest;30,minecraft:mesa_rock;30,biomesoplenty:kelp_forest;30,biomesoplenty:mystic_grove;30</biomeIds>
            </planet>
            <planet DIMID="69" name="Ma-Roo 67: 1">
                <isKnown>false</isKnown>
                <fogColor>1.0,1.0,1.0</fogColor>
                <skyColor>0.8,0.87974524,0.247922</skyColor>
                <gravitationalMultiplier>58</gravitationalMultiplier>
                <orbitalDistance>144</orbitalDistance>
                <orbitalTheta>285</orbitalTheta>
                <orbitalPhi>-128</orbitalPhi>
                <retrograde>false</retrograde>
                <avgTemperature>426</avgTemperature>
                <rotationalPeriod>116857</rotationalPeriod>
                <atmosphereDensity>13</atmosphereDensity>
                <generateCraters>true</generateCraters>
                <generateCaves>false</generateCaves>
                <generateVolcanos>false</generateVolcanos>
                <generateStructures>false</generateStructures>
                <generateGeodes>false</generateGeodes>
                <biomeIds>advancedrocketry:moon;30,advancedrocketry:moondark;30</biomeIds>
            </planet>
        </planet>
        <planet DIMID="70" name="Ma-Roo 70">
            <isKnown>false</isKnown>
            <fogColor>1.0,1.0,1.0</fogColor>
            <skyColor>0.8,0.5116556,0.0</skyColor>
            <gravitationalMultiplier>129</gravitationalMultiplier>
            <orbitalDistance>98</orbitalDistance>
            <orbitalTheta>312</orbitalTheta>
            <orbitalPhi>-97</orbitalPhi>
            <retrograde>false</retrograde>
            <avgTemperature>650</avgTemperature>
            <rotationalPeriod>11051</rotationalPeriod>
            <atmosphereDensity>157</atmosphereDensity>
            <generateCraters>false</generateCraters>
            <generateCaves>false</generateCaves>
            <generateVolcanos>true</generateVolcanos>
            <generateStructures>false</generateStructures>
            <generateGeodes>true</generateGeodes>
            <biomeIds>minecraft:ocean;30,minecraft:mutated_mesa_clear_rock;30,minecraft:savanna_rock;30,minecraft:deep_ocean;30,biomesoplenty:fungi_forest;30</biomeIds>
            <planet DIMID="71" name="Ma-Roo 70: 0">
                <isKnown>false</isKnown>
                <fogColor>1.0,1.0,1.0</fogColor>
                <skyColor>0.8,0.7651529,0.0428164</skyColor>
                <gravitationalMultiplier>46</gravitationalMultiplier>
                <orbitalDistance>113</orbitalDistance>
                <orbitalTheta>215</orbitalTheta>
                <orbitalPhi>71</orbitalPhi>
                <retrograde>false</retrograde>
                <avgTemperature>481</avgTemperature>
                <rotationalPeriod>246568</rotationalPeriod>
                <atmosphereDensity>29</atmosphereDensity>
                <generateCraters>true</generateCraters>
                <generateCaves>false</generateCaves>
                <generateVolcanos>true</generateVolcanos>
                <generateStructures>false</generateStructures>
                <generateGeodes>false</generateGeodes>
                <biomeIds>advancedrocketry:volcanicbarren;30,biomesoplenty:fungi_forest;30,minecraft:desert_hills;30,minecraft:jungle;30,biomesoplenty:oasis;30</biomeIds>
                <oceanBlock>minecraft:lava</oceanBlock>
            </planet>
            <oceanBlock>minecraft:lava</oceanBlock>
        </planet>
        <planet DIMID="72" name="Ma-Roo 72">
            <isKnown>false</isKnown>
            <fogColor>1.0,1.0,1.0</fogColor>
            <skyColor>0.8,0.5933481,0.0</skyColor>
            <gravitationalMultiplier>130</gravitationalMultiplier>
            <orbitalDistance>50</orbitalDistance>
            <orbitalTheta>75</orbitalTheta>
            <orbitalPhi>32</orbitalPhi>
            <retrograde>false</retrograde>
            <avgTemperature>723</avgTemperature>
            <rotationalPeriod>10923</rotationalPeriod>
            <atmosphereDensity>55</atmosphereDensity>
            <generateCraters>true</generateCraters>
            <generateCaves>false</generateCaves>
            <generateVolcanos>true</generateVolcanos>
            <generateStructures>false</generateStructures>
            <generateGeodes>false</generateGeodes>
            <biomeIds>advancedrocketry:volcanicbarren;30,biomesoplenty:oasis;30,biomesoplenty:undergarden;30,biomesoplenty:corrupted_sands;30,biomesoplenty:outback;30</biomeIds>
            <oceanBlock>minecraft:lava</oceanBlock>
        </planet>
        <planet DIMID="73" name="Ma-Roo 73">
            <isKnown>false</isKnown>
            <fogColor>1.0,1.0,1.0</fogColor>
            <skyColor>0.8,0.65605116,0.20863748</skyColor>
            <gravitationalMultiplier>107</gravitationalMultiplier>
            <orbitalDistance>142</orbitalDistance>
            <orbitalTheta>204</orbitalTheta>
            <orbitalPhi>93</orbitalPhi>
            <retrograde>false</retrograde>
            <avgTemperature>429</avgTemperature>
            <rotationalPeriod>19319</rotationalPeriod>
            <atmosphereDensity>11</atmosphereDensity>
            <generateCraters>true</generateCraters>
            <generateCaves>false</generateCaves>
            <generateVolcanos>false</generateVolcanos>
            <generateStructures>false</generateStructures>
            <generateGeodes>false</generateGeodes>
            <biomeIds>advancedrocketry:moon;30,advancedrocketry:moondark;30</biomeIds>
            <planet DIMID="74" name="Ma-Roo 73: 0">
                <isKnown>false</isKnown>
                <fogColor>1.0,1.0,1.0</fogColor>
                <skyColor>0.8,0.5093709,0.14443868</skyColor>
                <gravitationalMultiplier>52</gravitationalMultiplier>
                <orbitalDistance>127</orbitalDistance>
                <orbitalTheta>14</orbitalTheta>
                <orbitalPhi>191</orbitalPhi>
                <retrograde>false</retrograde>
                <avgTemperature>454</avgTemperature>
                <rotationalPeriod>170687</rotationalPeriod>
                <atmosphereDensity>31</atmosphereDensity>
                <generateCraters>true</generateCraters>
                <generateCaves>false</generateCaves>
                <generateVolcanos>true</generateVolcanos>
                <generateStructures>false</generateStructures>
                <generateGeodes>false</generateGeodes>
                <biomeIds>biomesoplenty:fungi_forest;30,minecraft:mutated_savanna;30,biomesoplenty:undergarden;30,biomesoplenty:brushland;30,minecraft:jungle_edge;30</biomeIds>
                <oceanBlock>minecraft:lava</oceanBlock>
            </planet>
        </planet>
        <planet DIMID="63" name="Ma-Roo 63">
            <isKnown>false</isKnown>
            <fogColor>1.0,1.0,1.0</fogColor>
            <skyColor>0.8,0.631832,0.0</skyColor>
            <gravitationalMultiplier>93</gravitationalMultiplier>
            <orbitalDistance>50</orbitalDistance>
            <orbitalTheta>33</orbitalTheta>
            <orbitalPhi>-239</orbitalPhi>
            <retrograde>false</retrograde>
            <avgTemperature>919</avgTemperature>
            <rotationalPeriod>29361</rotationalPeriod>
            <atmosphereDensity>163</atmosphereDensity>
            <generateCraters>false</generateCraters>
            <generateCaves>false</generateCaves>
            <generateVolcanos>true</generateVolcanos>
            <generateStructures>false</generateStructures>
            <generateGeodes>true</generateGeodes>
            <biomeIds>biomesoplenty:outback;30,minecraft:savanna;30,biomesoplenty:fungi_forest;30,biomesoplenty:visceral_heap;30,minecraft:frozen_ocean;30</biomeIds>
            <oceanBlock>minecraft:lava</oceanBlock>
        </planet>
    </star>
    <star blackHole="false" name="Alykitt" numGasGiants="0" numPlanets="0" size="1.0" temp="120" x="75" y="200">
        <planet DIMID="80" name="Alykitt 80">
            <isKnown>false</isKnown>
            <fogColor>1.0,1.0,1.0</fogColor>
            <skyColor>0.8,0.78888404,0.28542376</skyColor>
            <gravitationalMultiplier>121</gravitationalMultiplier>
            <orbitalDistance>86</orbitalDistance>
            <orbitalTheta>351</orbitalTheta>
            <orbitalPhi>-146</orbitalPhi>
            <retrograde>false</retrograde>
            <avgTemperature>402</avgTemperature>
            <rotationalPeriod>13380</rotationalPeriod>
            <atmosphereDensity>136</atmosphereDensity>
            <generateCraters>false</generateCraters>
            <generateCaves>false</generateCaves>
            <generateVolcanos>false</generateVolcanos>
            <generateStructures>true</generateStructures>
            <generateGeodes>true</generateGeodes>
            <seaLevel>81</seaLevel>
            <biomeIds>biomesoplenty:coral_reef;30,minecraft:mutated_mesa;30,biomesoplenty:pasture;30,minecraft:mutated_birch_forest;30,minecraft:ocean;30</biomeIds>
        </planet>
        <planet DIMID="81" name="Alykitt 81">
            <isKnown>false</isKnown>
            <fogColor>1.0,1.0,1.0</fogColor>
            <skyColor>0.8,0.5010888,0.59966904</skyColor>
            <gravitationalMultiplier>130</gravitationalMultiplier>
            <orbitalDistance>154</orbitalDistance>
            <orbitalTheta>29</orbitalTheta>
            <orbitalPhi>-273</orbitalPhi>
            <retrograde>false</retrograde>
            <avgTemperature>302</avgTemperature>
            <rotationalPeriod>10923</rotationalPeriod>
            <atmosphereDensity>140</atmosphereDensity>
            <generateCraters>false</generateCraters>
            <generateCaves>false</generateCaves>
            <generateVolcanos>false</generateVolcanos>
            <generateStructures>true</generateStructures>
            <generateGeodes>true</generateGeodes>
            <biomeIds>minecraft:forest_hills;30,biomesoplenty:grove;30,biomesoplenty:mountain;30,srparasites:biome_parasite;30,biomesoplenty:flower_island;30</biomeIds>
            <planet DIMID="82" name="Alykitt 81: 0">
                <isKnown>false</isKnown>
                <fogColor>1.0,1.0,1.0</fogColor>
                <skyColor>0.8,0.7599387,0.87681425</skyColor>
                <gravitationalMultiplier>69</gravitationalMultiplier>
                <orbitalDistance>185</orbitalDistance>
                <orbitalTheta>40</orbitalTheta>
                <orbitalPhi>14</orbitalPhi>
                <retrograde>false</retrograde>
                <avgTemperature>225</avgTemperature>
                <rotationalPeriod>73057</rotationalPeriod>
                <atmosphereDensity>14</atmosphereDensity>
                <generateCraters>true</generateCraters>
                <generateCaves>false</generateCaves>
                <generateVolcanos>false</generateVolcanos>
                <generateStructures>false</generateStructures>
                <generateGeodes>false</generateGeodes>
                <biomeIds>advancedrocketry:moon;30,advancedrocketry:moondark;30</biomeIds>
            </planet>
            <planet DIMID="83" name="Alykitt 81: 1">
                <isKnown>false</isKnown>
                <fogColor>1.0,1.0,1.0</fogColor>
                <skyColor>0.8,0.6050842,0.91938114</skyColor>
                <gravitationalMultiplier>46</gravitationalMultiplier>
                <orbitalDistance>193</orbitalDistance>
                <orbitalTheta>247</orbitalTheta>
                <orbitalPhi>-160</orbitalPhi>
                <retrograde>false</retrograde>
                <avgTemperature>220</avgTemperature>
                <rotationalPeriod>246568</rotationalPeriod>
                <atmosphereDensity>30</atmosphereDensity>
                <generateCraters>true</generateCraters>
                <generateCaves>false</generateCaves>
                <generateVolcanos>false</generateVolcanos>
                <generateStructures>false</generateStructures>
                <generateGeodes>false</generateGeodes>
                <seaLevel>82</seaLevel>
                <biomeIds>biomesoplenty:prairie;30,minecraft:mutated_mesa;30,biomesoplenty:mystic_grove;30,biomesoplenty:ominous_woods;30,advancedrocketry:oceanspires;30</biomeIds>
            </planet>
            <planet DIMID="84" name="Alykitt 81: 2">
                <isKnown>false</isKnown>
                <fogColor>1.0,1.0,1.0</fogColor>
                <skyColor>0.8,0.6033317,0.8936124</skyColor>
                <gravitationalMultiplier>50</gravitationalMultiplier>
                <orbitalDistance>180</orbitalDistance>
                <orbitalTheta>269</orbitalTheta>
                <orbitalPhi>-179</orbitalPhi>
                <retrograde>false</retrograde>
                <avgTemperature>228</avgTemperature>
                <rotationalPeriod>192000</rotationalPeriod>
                <atmosphereDensity>25</atmosphereDensity>
                <generateCraters>true</generateCraters>
                <generateCaves>false</generateCaves>
                <generateVolcanos>false</generateVolcanos>
                <generateStructures>false</generateStructures>
                <generateGeodes>false</generateGeodes>
                <seaLevel>62</seaLevel>
                <biomeIds>advancedrocketry:moon;30,advancedrocketry:moondark;30</biomeIds>
            </planet>
        </planet>
        <planet DIMID="85" name="Alykitt 85">
            <isKnown>false</isKnown>
            <fogColor>1.0,1.0,1.0</fogColor>
            <skyColor>0.8,0.8969897,0.7290329</skyColor>
            <gravitationalMultiplier>128</gravitationalMultiplier>
            <orbitalDistance>129</orbitalDistance>
            <orbitalTheta>298</orbitalTheta>
            <orbitalPhi>1</orbitalPhi>
            <retrograde>false</retrograde>
            <avgTemperature>270</avgTemperature>
            <rotationalPeriod>11311</rotationalPeriod>
            <atmosphereDensity>34</atmosphereDensity>
            <generateCraters>true</generateCraters>
            <generateCaves>false</generateCaves>
            <generateVolcanos>false</generateVolcanos>
            <generateStructures>false</generateStructures>
            <generateGeodes>false</generateGeodes>
            <biomeIds>biomesoplenty:highland;30,minecraft:forest_hills;30,biomesoplenty:shrubland;30,minecraft:jungle_edge;30,minecraft:mutated_birch_forest;30</biomeIds>
            <planet DIMID="86" name="Alykitt 85: 0">
                <isKnown>false</isKnown>
                <fogColor>1.0,1.0,1.0</fogColor>
                <skyColor>0.8,0.9988466,0.80531263</skyColor>
                <gravitationalMultiplier>80</gravitationalMultiplier>
                <orbitalDistance>148</orbitalDistance>
                <orbitalTheta>306</orbitalTheta>
                <orbitalPhi>-198</orbitalPhi>
                <retrograde>false</retrograde>
                <avgTemperature>252</avgTemperature>
                <rotationalPeriod>46875</rotationalPeriod>
                <atmosphereDensity>13</atmosphereDensity>
                <generateCraters>true</generateCraters>
                <generateCaves>false</generateCaves>
                <generateVolcanos>false</generateVolcanos>
                <generateStructures>false</generateStructures>
                <generateGeodes>false</generateGeodes>
                <biomeIds>advancedrocketry:moon;30,advancedrocketry:moondark;30</biomeIds>
            </planet>
        </planet>
        <planet DIMID="75" name="Alykitt 75">
            <isKnown>false</isKnown>
            <GasGiant>true</GasGiant>
            <gas>helium</gas>
            <gas>hydrogen</gas>
            <fogColor>1.0,1.0,1.0</fogColor>
            <skyColor>1.0,1.0,1.0</skyColor>
            <gravitationalMultiplier>130</gravitationalMultiplier>
            <orbitalDistance>222</orbitalDistance>
            <orbitalTheta>0</orbitalTheta>
            <orbitalPhi>0</orbitalPhi>
            <retrograde>false</retrograde>
            <avgTemperature>253</avgTemperature>
            <rotationalPeriod>24000</rotationalPeriod>
            <atmosphereDensity>144</atmosphereDensity>
            <generateCraters>false</generateCraters>
            <generateCaves>false</generateCaves>
            <generateVolcanos>false</generateVolcanos>
            <generateStructures>false</generateStructures>
            <generateGeodes>false</generateGeodes>
            <planet DIMID="76" name="Alykitt 75: 0">
                <isKnown>false</isKnown>
                <fogColor>1.0,1.0,1.0</fogColor>
                <skyColor>0.8,0.57049596,0.9457018</skyColor>
                <gravitationalMultiplier>46</gravitationalMultiplier>
                <orbitalDistance>184</orbitalDistance>
                <orbitalTheta>84</orbitalTheta>
                <orbitalPhi>-333</orbitalPhi>
                <retrograde>false</retrograde>
                <avgTemperature>226</avgTemperature>
                <rotationalPeriod>246568</rotationalPeriod>
                <atmosphereDensity>36</atmosphereDensity>
                <generateCraters>true</generateCraters>
                <generateCaves>false</generateCaves>
                <generateVolcanos>false</generateVolcanos>
                <generateStructures>false</generateStructures>
                <generateGeodes>false</generateGeodes>
                <biomeIds>minecraft:mushroom_island_shore;30,biomesoplenty:lush_desert;30,minecraft:ocean;30,biomesoplenty:marsh;30,biomesoplenty:ominous_woods;30</biomeIds>
            </planet>
            <planet DIMID="77" name="Alykitt 75: 1">
                <isKnown>false</isKnown>
                <fogColor>1.0,1.0,1.0</fogColor>
                <skyColor>0.8,0.7785119,0.65653944</skyColor>
                <gravitationalMultiplier>84</gravitationalMultiplier>
                <orbitalDistance>106</orbitalDistance>
                <orbitalTheta>75</orbitalTheta>
                <orbitalPhi>-263</orbitalPhi>
                <retrograde>false</retrograde>
                <avgTemperature>298</avgTemperature>
                <rotationalPeriod>40492</rotationalPeriod>
                <atmosphereDensity>27</atmosphereDensity>
                <generateCraters>true</generateCraters>
                <generateCaves>false</generateCaves>
                <generateVolcanos>false</generateVolcanos>
                <generateStructures>false</generateStructures>
                <generateGeodes>false</generateGeodes>
                <biomeIds>minecraft:mesa_rock;30,minecraft:mutated_redwood_taiga;30,biomesoplenty:coral_reef;30,minecraft:forest;10,minecraft:swampland;10</biomeIds>
            </planet>
            <planet DIMID="78" name="Alykitt 75: 2">
                <isKnown>false</isKnown>
                <fogColor>1.0,1.0,1.0</fogColor>
                <skyColor>0.8,0.6410159,0.75821036</skyColor>
                <gravitationalMultiplier>89</gravitationalMultiplier>
                <orbitalDistance>130</orbitalDistance>
                <orbitalTheta>226</orbitalTheta>
                <orbitalPhi>19</orbitalPhi>
                <retrograde>false</retrograde>
                <avgTemperature>269</avgTemperature>
                <rotationalPeriod>34044</rotationalPeriod>
                <atmosphereDensity>35</atmosphereDensity>
                <generateCraters>true</generateCraters>
                <generateCaves>false</generateCaves>
                <generateVolcanos>false</generateVolcanos>
                <generateStructures>false</generateStructures>
                <generateGeodes>false</generateGeodes>
                <biomeIds>biomesoplenty:volcanic_island;30,minecraft:stone_beach;30,biomesoplenty:moor;30,minecraft:mutated_roofed_forest;30,minecraft:mesa_rock;30</biomeIds>
            </planet>
            <planet DIMID="79" name="Alykitt 75: 3">
                <isKnown>false</isKnown>
                <fogColor>1.0,1.0,1.0</fogColor>
                <skyColor>0.8,0.504462,0.7089991</skyColor>
                <gravitationalMultiplier>80</gravitationalMultiplier>
                <orbitalDistance>124</orbitalDistance>
                <orbitalTheta>103</orbitalTheta>
                <orbitalPhi>85</orbitalPhi>
                <retrograde>false</retrograde>
                <avgTemperature>275</avgTemperature>
                <rotationalPeriod>46875</rotationalPeriod>
                <atmosphereDensity>37</atmosphereDensity>
                <generateCraters>true</generateCraters>
                <generateCaves>false</generateCaves>
                <generateVolcanos>false</generateVolcanos>
                <generateStructures>false</generateStructures>
                <generateGeodes>false</generateGeodes>
                <biomeIds>advancedrocketry:crystalchasms;30</biomeIds>
            </planet>
        </planet>
    </star>
</galaxy>
