{"stat.useItem.minecraft.bow":9,"stat.useItem.gregtech.knife":7,"stat.leaveGame":11,"stat.pickup.minecraft.gravel":12,"stat.pickup.lepidodendron.ctenis_log":1,"stat.mineBlock.minecraft.cobblestone":1,"stat.pickup.minecraft.flint":3,"stat.useItem.srparasites.weapon_bow":4,"stat.mineBlock.lepidodendron.ptilozamites":1,"stat.mineBlock.lepidodendron.calycanthus_flower":1,"stat.pickup.lepidodendron.magnolia_log":6,"stat.craftItem.gregtech.mortar":1,"stat.pickup.minecraft.brick":1,"stat.pickup.srparasites.parasitecanister":1,"stat.jump":577,"stat.swimOneCm":5274,"stat.fallOneCm":14118,"stat.climbOneCm":1091,"stat.pickup.lepidodendron.pterophyllum_log":12,"stat.mineBlock.lepidodendron.sphenopteris":3,"stat.mineBlock.lepidodendron.pterophyllum_log":2,"stat.crouchOneCm":4629,"stat.pickup.minecraft.dirt":20,"stat.useItem.minecraft.dirt":8,"stat.useItem.minecraft.water_bucket":5,"stat.craftingTableInteraction":9,"stat.craftItem.minecraft.furnace":1,"stat.damageTaken":37998,"stat.pickup.minecraft.leather":4,"stat.pickup.minecraft.cobblestone":2,"stat.pickup.minecraft.planks":68,"stat.useItem.customnpcs.npcwand":2,"stat.flyOneCm":6054383,"stat.mineBlock.lepidodendron.magnolia_log":6,"stat.mineBlock.lepidodendron.ctenis_log":1,"stat.craftItem.gregtech.hammer":1,"stat.pickup.minecraft.wheat_seeds":2,"stat.mineBlock.minecraft.gravel":15,"stat.useItem.enderio.item_end_steel_bow":2,"stat.damageDealt":110,"stat.timeSinceDeath":0,"stat.mineBlock.minecraft.dirt":7,"stat.useItem.minecraft.spawn_egg":193,"stat.useItem.customnpcs.npcmobcloner":34,"stat.useItem.minecraft.air":17,"stat.pickup.minecraft.flint_and_steel":1,"stat.mineBlock.lepidodendron.ilicium_flower":1,"stat.walkOneCm":1272473,"stat.pickup.minecraft.stick":2,"stat.useItem.minecraft.cobblestone":1,"stat.craftItem.minecraft.crafting_table":1,"stat.furnaceInteraction":1,"stat.drop.minecraft.flint_and_steel":1,"stat.useItem.minecraft.gravel":19,"stat.pickup.minecraft.log":2,"stat.mineBlock.minecraft.grass":15,"stat.mineBlock.lepidodendron.magnolia_leaves":10,"stat.craftItem.lepidodendron.stick_bundle":1,"stat.pickup.minecraft.beef":6,"stat.craftItem.gregtech.knife":1,"stat.pickup.openmodularturrets.ammo_meta":64,"stat.mineBlock.lepidodendron.calycanthus_leaves":2,"stat.sprintOneCm":298438,"stat.useItem.minecraft.tallgrass":35,"stat.craftItem.minecraft.stick":16,"stat.useItem.minecraft.flint_and_steel":1,"stat.mobKills":7,"stat.pickup.openmodularturrets.upgrade_meta":4,"stat.useItem.minecraft.golden_apple":4,"stat.deaths":26,"stat.craftItem.gregtech.meta_plate":1,"stat.drop":1,"stat.pickup.minecraft.egg":2,"stat.playOneMinute":460439,"stat.pickup.openmodularturrets.machine_gun_turret":3,"stat.mineBlock.srparasites.parasitecanister":1,"stat.sneakTime":1235,"stat.craftItem.minecraft.cobblestone":4,"stat.mineBlock.minecraft.tallgrass":23,"stat.diveOneCm":2153}