{
    "DialogData": [
    ],
    "BankData": [
    ],
    "QuestData": {
        "CompletedQuests": [
        ],
        "ActiveQuests": [
        ]
    },
    "TransportData": [
    ],
    "FactionData": [
        {
            "Faction": 0,
            "Points": 2000
        },
        {
            "Faction": 3,
            "Points": 1
        }
    ],
    "ItemGiverChained": [
    ],
    "ItemGiversList": [
    ],
    "MailData": [
    ],
    "NpcsTimers": [
    ],
    "PlayerName": "LogicalMaximus",
    "UUID": "f96c042c-d1ef-4ea1-800a-b30514375265",
    "PlayerCompanionId": 0,
    "ScriptStoreddata": {
    }
}
