<?xml version="1.0" encoding="UTF-8" standalone="no"?>
<galaxy>
    <star blackHole="false" name="Sol" numGasGiants="0" numPlanets="0" size="1.0" temp="100" x="0" y="0">
        <planet DIMID="0" dimMapping="" name="Earth">
            <isKnown>true</isKnown>
            <fogColor>1.0,1.0,1.0</fogColor>
            <skyColor>1.0,1.0,1.0</skyColor>
            <gravitationalMultiplier>100</gravitationalMultiplier>
            <orbitalDistance>100</orbitalDistance>
            <orbitalTheta>0</orbitalTheta>
            <orbitalPhi>0</orbitalPhi>
            <retrograde>false</retrograde>
            <avgTemperature>287</avgTemperature>
            <rotationalPeriod>24000</rotationalPeriod>
            <atmosphereDensity>100</atmosphereDensity>
            <generateCraters>false</generateCraters>
            <generateCaves>false</generateCaves>
            <generateVolcanos>false</generateVolcanos>
            <generateStructures>false</generateStructures>
            <generateGeodes>false</generateGeodes>
            <planet DIMID="3" name="Luna">
                <isKnown>false</isKnown>
                <fogColor>1.0,1.0,1.0</fogColor>
                <skyColor>1.0,1.0,1.0</skyColor>
                <gravitationalMultiplier>16</gravitationalMultiplier>
                <orbitalDistance>150</orbitalDistance>
                <orbitalTheta>0</orbitalTheta>
                <orbitalPhi>0</orbitalPhi>
                <retrograde>false</retrograde>
                <avgTemperature>255</avgTemperature>
                <rotationalPeriod>128000</rotationalPeriod>
                <atmosphereDensity>0</atmosphereDensity>
                <generateCraters>true</generateCraters>
                <generateCaves>false</generateCaves>
                <generateVolcanos>false</generateVolcanos>
                <generateStructures>false</generateStructures>
                <generateGeodes>false</generateGeodes>
                <biomeIds>advancedrocketry:moon;30,advancedrocketry:moondark;30</biomeIds>
            </planet>
        </planet>
        <planet DIMID="17" name="Sol 17">
            <isKnown>false</isKnown>
            <fogColor>1.0,1.0,1.0</fogColor>
            <skyColor>0.8,0.65947795,0.9823535</skyColor>
            <gravitationalMultiplier>116</gravitationalMultiplier>
            <orbitalDistance>155</orbitalDistance>
            <orbitalTheta>80</orbitalTheta>
            <orbitalPhi>-78</orbitalPhi>
            <retrograde>false</retrograde>
            <avgTemperature>207</avgTemperature>
            <rotationalPeriod>15178</rotationalPeriod>
            <atmosphereDensity>65</atmosphereDensity>
            <generateCraters>true</generateCraters>
            <generateCaves>false</generateCaves>
            <generateVolcanos>false</generateVolcanos>
            <generateStructures>false</generateStructures>
            <generateGeodes>false</generateGeodes>
            <biomeIds>minecraft:mutated_extreme_hills_with_trees;30,biomesoplenty:tropical_island;30,minecraft:forest;10,biomesoplenty:tropical_rainforest;30,biomesoplenty:lush_swamp;30</biomeIds>
            <planet DIMID="18" name="Sol 17: 0">
                <isKnown>false</isKnown>
                <fogColor>1.0,1.0,1.0</fogColor>
                <skyColor>0.8,0.6315058,1.0</skyColor>
                <gravitationalMultiplier>33</gravitationalMultiplier>
                <orbitalDistance>183</orbitalDistance>
                <orbitalTheta>249</orbitalTheta>
                <orbitalPhi>-132</orbitalPhi>
                <retrograde>false</retrograde>
                <avgTemperature>189</avgTemperature>
                <rotationalPeriod>667835</rotationalPeriod>
                <atmosphereDensity>18</atmosphereDensity>
                <generateCraters>true</generateCraters>
                <generateCaves>false</generateCaves>
                <generateVolcanos>false</generateVolcanos>
                <generateStructures>false</generateStructures>
                <generateGeodes>false</generateGeodes>
                <biomeIds>advancedrocketry:moon;30,advancedrocketry:moondark;30</biomeIds>
            </planet>
            <planet DIMID="19" name="Sol 17: 1">
                <isKnown>false</isKnown>
                <fogColor>1.0,1.0,1.0</fogColor>
                <skyColor>0.8,0.5799844,0.9491442</skyColor>
                <gravitationalMultiplier>79</gravitationalMultiplier>
                <orbitalDistance>155</orbitalDistance>
                <orbitalTheta>42</orbitalTheta>
                <orbitalPhi>141</orbitalPhi>
                <retrograde>false</retrograde>
                <avgTemperature>205</avgTemperature>
                <rotationalPeriod>48677</rotationalPeriod>
                <atmosphereDensity>20</atmosphereDensity>
                <generateCraters>true</generateCraters>
                <generateCaves>false</generateCaves>
                <generateVolcanos>false</generateVolcanos>
                <generateStructures>false</generateStructures>
                <generateGeodes>false</generateGeodes>
                <biomeIds>advancedrocketry:moon;30,advancedrocketry:moondark;30</biomeIds>
            </planet>
            <planet DIMID="20" name="Sol 17: 2">
                <isKnown>false</isKnown>
                <fogColor>1.0,1.0,1.0</fogColor>
                <skyColor>0.8,0.80192226,1.0</skyColor>
                <gravitationalMultiplier>40</gravitationalMultiplier>
                <orbitalDistance>164</orbitalDistance>
                <orbitalTheta>264</orbitalTheta>
                <orbitalPhi>106</orbitalPhi>
                <retrograde>false</retrograde>
                <avgTemperature>199</avgTemperature>
                <rotationalPeriod>375000</rotationalPeriod>
                <atmosphereDensity>14</atmosphereDensity>
                <generateCraters>true</generateCraters>
                <generateCaves>false</generateCaves>
                <generateVolcanos>false</generateVolcanos>
                <generateStructures>false</generateStructures>
                <generateGeodes>false</generateGeodes>
                <biomeIds>advancedrocketry:moon;30,advancedrocketry:moondark;30</biomeIds>
            </planet>
        </planet>
        <planet DIMID="4" name="Sol 4">
            <isKnown>false</isKnown>
            <GasGiant>true</GasGiant>
            <gas>hydrogen</gas>
            <fogColor>1.0,1.0,1.0</fogColor>
            <skyColor>1.0,1.0,1.0</skyColor>
            <gravitationalMultiplier>128</gravitationalMultiplier>
            <orbitalDistance>212</orbitalDistance>
            <orbitalTheta>0</orbitalTheta>
            <orbitalPhi>0</orbitalPhi>
            <retrograde>false</retrograde>
            <avgTemperature>213</avgTemperature>
            <rotationalPeriod>24000</rotationalPeriod>
            <atmosphereDensity>137</atmosphereDensity>
            <generateCraters>false</generateCraters>
            <generateCaves>false</generateCaves>
            <generateVolcanos>false</generateVolcanos>
            <generateStructures>false</generateStructures>
            <generateGeodes>false</generateGeodes>
        </planet>
        <planet DIMID="5" name="Sol 5">
            <isKnown>false</isKnown>
            <fogColor>1.0,1.0,1.0</fogColor>
            <skyColor>0.8,0.76653594,0.4345609</skyColor>
            <gravitationalMultiplier>109</gravitationalMultiplier>
            <orbitalDistance>83</orbitalDistance>
            <orbitalTheta>53</orbitalTheta>
            <orbitalPhi>-216</orbitalPhi>
            <retrograde>false</retrograde>
            <avgTemperature>373</avgTemperature>
            <rotationalPeriod>18279</rotationalPeriod>
            <atmosphereDensity>195</atmosphereDensity>
            <generateCraters>false</generateCraters>
            <generateCaves>false</generateCaves>
            <generateVolcanos>false</generateVolcanos>
            <generateStructures>true</generateStructures>
            <generateGeodes>true</generateGeodes>
            <biomeIds>biomesoplenty:pasture;30,minecraft:mutated_mesa;30,minecraft:ocean;30,minecraft:jungle;30,biomesoplenty:mountain_foothills;30</biomeIds>
        </planet>
        <planet DIMID="21" name="Sol 21">
            <isKnown>false</isKnown>
            <fogColor>1.0,1.0,1.0</fogColor>
            <skyColor>0.8,0.8646697,0.83774024</skyColor>
            <gravitationalMultiplier>100</gravitationalMultiplier>
            <orbitalDistance>165</orbitalDistance>
            <orbitalTheta>249</orbitalTheta>
            <orbitalPhi>233</orbitalPhi>
            <retrograde>false</retrograde>
            <avgTemperature>258</avgTemperature>
            <rotationalPeriod>23643</rotationalPeriod>
            <atmosphereDensity>177</atmosphereDensity>
            <generateCraters>false</generateCraters>
            <generateCaves>false</generateCaves>
            <generateVolcanos>false</generateVolcanos>
            <generateStructures>true</generateStructures>
            <generateGeodes>true</generateGeodes>
            <biomeIds>minecraft:extreme_hills;10</biomeIds>
            <planet DIMID="22" name="Sol 21: 0">
                <isKnown>false</isKnown>
                <fogColor>1.0,1.0,1.0</fogColor>
                <skyColor>0.8,0.6903833,1.0</skyColor>
                <gravitationalMultiplier>52</gravitationalMultiplier>
                <orbitalDistance>175</orbitalDistance>
                <orbitalTheta>213</orbitalTheta>
                <orbitalPhi>-38</orbitalPhi>
                <retrograde>false</retrograde>
                <avgTemperature>193</avgTemperature>
                <rotationalPeriod>161206</rotationalPeriod>
                <atmosphereDensity>28</atmosphereDensity>
                <generateCraters>true</generateCraters>
                <generateCaves>false</generateCaves>
                <generateVolcanos>false</generateVolcanos>
                <generateStructures>false</generateStructures>
                <generateGeodes>false</generateGeodes>
                <biomeIds>biomesoplenty:fungi_forest;30,minecraft:mutated_savanna;30,lepidodendron:olivegrove;1,minecraft:deep_ocean;30,minecraft:mutated_jungle_edge;30</biomeIds>
            </planet>
            <planet DIMID="23" name="Sol 21: 1">
                <isKnown>false</isKnown>
                <fogColor>1.0,1.0,1.0</fogColor>
                <skyColor>0.8,0.54612476,1.0</skyColor>
                <gravitationalMultiplier>68</gravitationalMultiplier>
                <orbitalDistance>189</orbitalDistance>
                <orbitalTheta>290</orbitalTheta>
                <orbitalPhi>278</orbitalPhi>
                <retrograde>false</retrograde>
                <avgTemperature>186</avgTemperature>
                <rotationalPeriod>76328</rotationalPeriod>
                <atmosphereDensity>36</atmosphereDensity>
                <generateCraters>true</generateCraters>
                <generateCaves>false</generateCaves>
                <generateVolcanos>false</generateVolcanos>
                <generateStructures>false</generateStructures>
                <generateGeodes>false</generateGeodes>
                <biomeIds>biomesoplenty:volcanic_island;30,minecraft:mesa_rock;30,minecraft:mutated_birch_forest;30,biomesoplenty:land_of_lakes;30,minecraft:mutated_redwood_taiga_hills;30</biomeIds>
            </planet>
            <planet DIMID="24" name="Sol 21: 2">
                <isKnown>false</isKnown>
                <fogColor>1.0,1.0,1.0</fogColor>
                <skyColor>0.8,0.61120236,0.7625657</skyColor>
                <gravitationalMultiplier>72</gravitationalMultiplier>
                <orbitalDistance>98</orbitalDistance>
                <orbitalTheta>297</orbitalTheta>
                <orbitalPhi>-197</orbitalPhi>
                <retrograde>false</retrograde>
                <avgTemperature>258</avgTemperature>
                <rotationalPeriod>64300</rotationalPeriod>
                <atmosphereDensity>20</atmosphereDensity>
                <generateCraters>true</generateCraters>
                <generateCaves>false</generateCaves>
                <generateVolcanos>false</generateVolcanos>
                <generateStructures>false</generateStructures>
                <generateGeodes>false</generateGeodes>
                <biomeIds>advancedrocketry:moon;30,advancedrocketry:moondark;30</biomeIds>
            </planet>
        </planet>
        <planet DIMID="6" name="Sol 6">
            <isKnown>false</isKnown>
            <fogColor>1.0,1.0,1.0</fogColor>
            <skyColor>0.8,0.59066546,0.82655275</skyColor>
            <gravitationalMultiplier>88</gravitationalMultiplier>
            <orbitalDistance>107</orbitalDistance>
            <orbitalTheta>117</orbitalTheta>
            <orbitalPhi>-250</orbitalPhi>
            <retrograde>false</retrograde>
            <avgTemperature>254</avgTemperature>
            <rotationalPeriod>34624</rotationalPeriod>
            <atmosphereDensity>70</atmosphereDensity>
            <generateCraters>true</generateCraters>
            <generateCaves>false</generateCaves>
            <generateVolcanos>false</generateVolcanos>
            <generateStructures>false</generateStructures>
            <generateGeodes>false</generateGeodes>
            <biomeIds>minecraft:mutated_birch_forest;30,minecraft:ocean;30,biomesoplenty:grove;30,biomesoplenty:shrubland;30,biomesoplenty:lush_swamp;30</biomeIds>
        </planet>
        <planet DIMID="7" name="Sol 7">
            <isKnown>false</isKnown>
            <fogColor>1.0,1.0,1.0</fogColor>
            <skyColor>0.8,0.697827,1.0</skyColor>
            <gravitationalMultiplier>127</gravitationalMultiplier>
            <orbitalDistance>205</orbitalDistance>
            <orbitalTheta>343</orbitalTheta>
            <orbitalPhi>94</orbitalPhi>
            <retrograde>false</retrograde>
            <avgTemperature>188</avgTemperature>
            <rotationalPeriod>11579</rotationalPeriod>
            <atmosphereDensity>77</atmosphereDensity>
            <generateCraters>false</generateCraters>
            <generateCaves>false</generateCaves>
            <generateVolcanos>false</generateVolcanos>
            <generateStructures>false</generateStructures>
            <generateGeodes>false</generateGeodes>
            <biomeIds>minecraft:ice_flats;30</biomeIds>
            <planet DIMID="8" name="Sol 7: 0">
                <isKnown>false</isKnown>
                <fogColor>1.0,1.0,1.0</fogColor>
                <skyColor>0.8,0.8292457,0.8748001</skyColor>
                <gravitationalMultiplier>79</gravitationalMultiplier>
                <orbitalDistance>117</orbitalDistance>
                <orbitalTheta>63</orbitalTheta>
                <orbitalPhi>-319</orbitalPhi>
                <retrograde>false</retrograde>
                <avgTemperature>236</avgTemperature>
                <rotationalPeriod>48677</rotationalPeriod>
                <atmosphereDensity>21</atmosphereDensity>
                <generateCraters>true</generateCraters>
                <generateCaves>false</generateCaves>
                <generateVolcanos>false</generateVolcanos>
                <generateStructures>false</generateStructures>
                <generateGeodes>false</generateGeodes>
                <biomeIds>advancedrocketry:moon;30,advancedrocketry:moondark;30</biomeIds>
            </planet>
        </planet>
        <planet DIMID="9" name="Sol 9">
            <isKnown>false</isKnown>
            <fogColor>1.0,1.0,1.0</fogColor>
            <skyColor>0.8,0.7372284,0.7587498</skyColor>
            <gravitationalMultiplier>128</gravitationalMultiplier>
            <orbitalDistance>164</orbitalDistance>
            <orbitalTheta>223</orbitalTheta>
            <orbitalPhi>112</orbitalPhi>
            <retrograde>false</retrograde>
            <avgTemperature>272</avgTemperature>
            <rotationalPeriod>11311</rotationalPeriod>
            <atmosphereDensity>217</atmosphereDensity>
            <generateCraters>false</generateCraters>
            <generateCaves>false</generateCaves>
            <generateVolcanos>false</generateVolcanos>
            <generateStructures>false</generateStructures>
            <generateGeodes>true</generateGeodes>
            <biomeIds>biomesoplenty:highland;30,biomesoplenty:gravel_beach;30,biomesoplenty:shrubland;30,srparasites:biome_parasite;30,biomesoplenty:lavender_fields;30</biomeIds>
            <planet DIMID="10" name="Sol 9: 0">
                <isKnown>false</isKnown>
                <fogColor>1.0,1.0,1.0</fogColor>
                <skyColor>0.8,0.51460695,1.0</skyColor>
                <gravitationalMultiplier>51</gravitationalMultiplier>
                <orbitalDistance>166</orbitalDistance>
                <orbitalTheta>158</orbitalTheta>
                <orbitalPhi>-106</orbitalPhi>
                <retrograde>false</retrograde>
                <avgTemperature>198</avgTemperature>
                <rotationalPeriod>180925</rotationalPeriod>
                <atmosphereDensity>19</atmosphereDensity>
                <generateCraters>true</generateCraters>
                <generateCaves>false</generateCaves>
                <generateVolcanos>false</generateVolcanos>
                <generateStructures>false</generateStructures>
                <generateGeodes>false</generateGeodes>
                <biomeIds>advancedrocketry:moon;30,advancedrocketry:moondark;30</biomeIds>
            </planet>
            <planet DIMID="11" name="Sol 9: 1">
                <isKnown>false</isKnown>
                <fogColor>1.0,1.0,1.0</fogColor>
                <skyColor>0.8,0.71460867,0.8986647</skyColor>
                <gravitationalMultiplier>77</gravitationalMultiplier>
                <orbitalDistance>141</orbitalDistance>
                <orbitalTheta>206</orbitalTheta>
                <orbitalPhi>-99</orbitalPhi>
                <retrograde>false</retrograde>
                <avgTemperature>215</avgTemperature>
                <rotationalPeriod>52570</rotationalPeriod>
                <atmosphereDensity>36</atmosphereDensity>
                <generateCraters>true</generateCraters>
                <generateCaves>false</generateCaves>
                <generateVolcanos>false</generateVolcanos>
                <generateStructures>false</generateStructures>
                <generateGeodes>false</generateGeodes>
                <biomeIds>advancedrocketry:crystalchasms;30</biomeIds>
            </planet>
            <planet DIMID="12" name="Sol 9: 2">
                <isKnown>false</isKnown>
                <hasRings>true</hasRings>
                <ringColor>0.8,0.5148754,0.9253473</ringColor>
                <fogColor>1.0,1.0,1.0</fogColor>
                <skyColor>0.8,0.5148754,0.9253473</skyColor>
                <gravitationalMultiplier>47</gravitationalMultiplier>
                <orbitalDistance>128</orbitalDistance>
                <orbitalTheta>238</orbitalTheta>
                <orbitalPhi>97</orbitalPhi>
                <retrograde>false</retrograde>
                <avgTemperature>226</avgTemperature>
                <rotationalPeriod>231162</rotationalPeriod>
                <atmosphereDensity>33</atmosphereDensity>
                <generateCraters>true</generateCraters>
                <generateCaves>false</generateCaves>
                <generateVolcanos>false</generateVolcanos>
                <generateStructures>false</generateStructures>
                <generateGeodes>false</generateGeodes>
                <biomeIds>minecraft:ice_flats;30</biomeIds>
            </planet>
        </planet>
        <planet DIMID="25" name="Sol 25">
            <isKnown>false</isKnown>
            <fogColor>1.0,1.0,1.0</fogColor>
            <skyColor>0.8,0.63481104,0.83045995</skyColor>
            <gravitationalMultiplier>101</gravitationalMultiplier>
            <orbitalDistance>118</orbitalDistance>
            <orbitalTheta>79</orbitalTheta>
            <orbitalPhi>50</orbitalPhi>
            <retrograde>false</retrograde>
            <avgTemperature>249</avgTemperature>
            <rotationalPeriod>22951</rotationalPeriod>
            <atmosphereDensity>78</atmosphereDensity>
            <generateCraters>false</generateCraters>
            <generateCaves>false</generateCaves>
            <generateVolcanos>false</generateVolcanos>
            <generateStructures>false</generateStructures>
            <generateGeodes>false</generateGeodes>
            <biomeIds>minecraft:mutated_birch_forest_hills;30,minecraft:desert_hills;30,biomesoplenty:shrubland;30,biomesoplenty:grove;30,minecraft:mutated_extreme_hills;30</biomeIds>
            <planet DIMID="26" name="Sol 25: 0">
                <isKnown>false</isKnown>
                <fogColor>1.0,1.0,1.0</fogColor>
                <skyColor>0.8,0.73049515,0.95387596</skyColor>
                <gravitationalMultiplier>67</gravitationalMultiplier>
                <orbitalDistance>153</orbitalDistance>
                <orbitalTheta>217</orbitalTheta>
                <orbitalPhi>113</orbitalPhi>
                <retrograde>false</retrograde>
                <avgTemperature>206</avgTemperature>
                <rotationalPeriod>79797</rotationalPeriod>
                <atmosphereDensity>16</atmosphereDensity>
                <generateCraters>true</generateCraters>
                <generateCaves>false</generateCaves>
                <generateVolcanos>false</generateVolcanos>
                <generateStructures>false</generateStructures>
                <generateGeodes>false</generateGeodes>
                <biomeIds>advancedrocketry:moon;30,advancedrocketry:moondark;30</biomeIds>
            </planet>
            <planet DIMID="27" name="Sol 25: 1">
                <isKnown>false</isKnown>
                <hasRings>true</hasRings>
                <ringColor>0.8,0.98797834,0.86066675</ringColor>
                <fogColor>1.0,1.0,1.0</fogColor>
                <skyColor>0.8,0.98797834,0.86066675</skyColor>
                <gravitationalMultiplier>43</gravitationalMultiplier>
                <orbitalDistance>131</orbitalDistance>
                <orbitalTheta>29</orbitalTheta>
                <orbitalPhi>-108</orbitalPhi>
                <retrograde>false</retrograde>
                <avgTemperature>223</avgTemperature>
                <rotationalPeriod>301860</rotationalPeriod>
                <atmosphereDensity>34</atmosphereDensity>
                <generateCraters>true</generateCraters>
                <generateCaves>false</generateCaves>
                <generateVolcanos>false</generateVolcanos>
                <generateStructures>false</generateStructures>
                <generateGeodes>false</generateGeodes>
                <biomeIds>minecraft:mutated_mesa_rock;30,biomesoplenty:grove;30,biomesoplenty:brushland;30,minecraft:jungle_edge;30,biomesoplenty:rainforest;30</biomeIds>
            </planet>
        </planet>
        <planet DIMID="28" name="Sol 28">
            <isKnown>false</isKnown>
            <fogColor>1.0,1.0,1.0</fogColor>
            <skyColor>0.8,0.6817369,0.48930234</skyColor>
            <gravitationalMultiplier>130</gravitationalMultiplier>
            <orbitalDistance>60</orbitalDistance>
            <orbitalTheta>209</orbitalTheta>
            <orbitalPhi>47</orbitalPhi>
            <retrograde>false</retrograde>
            <avgTemperature>348</avgTemperature>
            <rotationalPeriod>10923</rotationalPeriod>
            <atmosphereDensity>77</atmosphereDensity>
            <generateCraters>false</generateCraters>
            <generateCaves>false</generateCaves>
            <generateVolcanos>false</generateVolcanos>
            <generateStructures>true</generateStructures>
            <generateGeodes>false</generateGeodes>
            <biomeIds>biomesoplenty:origin_island;30,minecraft:frozen_ocean;30,advancedrocketry:oceanspires;30,biomesoplenty:prairie;30,minecraft:birch_forest_hills;30</biomeIds>
        </planet>
        <planet DIMID="13" name="Sol 13">
            <isKnown>false</isKnown>
            <fogColor>1.0,1.0,1.0</fogColor>
            <skyColor>0.8,0.8498169,0.21172643</skyColor>
            <gravitationalMultiplier>125</gravitationalMultiplier>
            <orbitalDistance>55</orbitalDistance>
            <orbitalTheta>288</orbitalTheta>
            <orbitalPhi>-87</orbitalPhi>
            <retrograde>false</retrograde>
            <avgTemperature>419</avgTemperature>
            <rotationalPeriod>12141</rotationalPeriod>
            <atmosphereDensity>136</atmosphereDensity>
            <generateCraters>false</generateCraters>
            <generateCaves>false</generateCaves>
            <generateVolcanos>false</generateVolcanos>
            <generateStructures>true</generateStructures>
            <generateGeodes>true</generateGeodes>
            <biomeIds>minecraft:extreme_hills;10</biomeIds>
            <planet DIMID="16" name="Sol 13: 2">
                <isKnown>false</isKnown>
                <fogColor>1.0,1.0,1.0</fogColor>
                <skyColor>0.8,0.6547029,1.0</skyColor>
                <gravitationalMultiplier>68</gravitationalMultiplier>
                <orbitalDistance>171</orbitalDistance>
                <orbitalTheta>142</orbitalTheta>
                <orbitalPhi>-34</orbitalPhi>
                <retrograde>false</retrograde>
                <avgTemperature>195</avgTemperature>
                <rotationalPeriod>76328</rotationalPeriod>
                <atmosphereDensity>37</atmosphereDensity>
                <generateCraters>true</generateCraters>
                <generateCaves>false</generateCaves>
                <generateVolcanos>false</generateVolcanos>
                <generateStructures>false</generateStructures>
                <generateGeodes>false</generateGeodes>
                <biomeIds>minecraft:mutated_roofed_forest;30,biomesoplenty:woodland;30,biomesoplenty:lush_swamp;30,minecraft:mutated_jungle;30,biomesoplenty:grassland;30</biomeIds>
            </planet>
            <planet DIMID="14" name="Sol 13: 0">
                <isKnown>false</isKnown>
                <fogColor>1.0,1.0,1.0</fogColor>
                <skyColor>0.8,0.6412679,1.0</skyColor>
                <gravitationalMultiplier>64</gravitationalMultiplier>
                <orbitalDistance>195</orbitalDistance>
                <orbitalTheta>267</orbitalTheta>
                <orbitalPhi>-142</orbitalPhi>
                <retrograde>false</retrograde>
                <avgTemperature>183</avgTemperature>
                <rotationalPeriod>91552</rotationalPeriod>
                <atmosphereDensity>34</atmosphereDensity>
                <generateCraters>true</generateCraters>
                <generateCaves>false</generateCaves>
                <generateVolcanos>false</generateVolcanos>
                <generateStructures>false</generateStructures>
                <generateGeodes>false</generateGeodes>
                <biomeIds>advancedrocketry:crystalchasms;30</biomeIds>
            </planet>
            <planet DIMID="15" name="Sol 13: 1">
                <isKnown>false</isKnown>
                <fogColor>1.0,1.0,1.0</fogColor>
                <skyColor>0.8,0.768242,1.0</skyColor>
                <gravitationalMultiplier>81</gravitationalMultiplier>
                <orbitalDistance>173</orbitalDistance>
                <orbitalTheta>10</orbitalTheta>
                <orbitalPhi>148</orbitalPhi>
                <retrograde>false</retrograde>
                <avgTemperature>194</avgTemperature>
                <rotationalPeriod>45160</rotationalPeriod>
                <atmosphereDensity>34</atmosphereDensity>
                <generateCraters>true</generateCraters>
                <generateCaves>false</generateCaves>
                <generateVolcanos>false</generateVolcanos>
                <generateStructures>false</generateStructures>
                <generateGeodes>false</generateGeodes>
                <biomeIds>minecraft:ice_flats;30</biomeIds>
            </planet>
        </planet>
    </star>
    <star blackHole="false" name="Wolf 12" numGasGiants="0" numPlanets="0" size="1.0" temp="10" x="300" y="-200">
        <planet DIMID="33" name="Wolf 12 33">
            <isKnown>false</isKnown>
            <fogColor>1.0,1.0,1.0</fogColor>
            <skyColor>0.29696214,0.73757136,1.0</skyColor>
            <gravitationalMultiplier>104</gravitationalMultiplier>
            <orbitalDistance>181</orbitalDistance>
            <orbitalTheta>84</orbitalTheta>
            <orbitalPhi>-138</orbitalPhi>
            <retrograde>false</retrograde>
            <avgTemperature>19</avgTemperature>
            <rotationalPeriod>21031</rotationalPeriod>
            <atmosphereDensity>39</atmosphereDensity>
            <generateCraters>true</generateCraters>
            <generateCaves>false</generateCaves>
            <generateVolcanos>false</generateVolcanos>
            <generateStructures>false</generateStructures>
            <generateGeodes>false</generateGeodes>
            <biomeIds>biomesoplenty:xeric_shrubland;30,minecraft:mesa;30,minecraft:mutated_mesa_clear_rock;30,biomesoplenty:fungi_forest;30,biomesoplenty:sacred_springs;30</biomeIds>
        </planet>
        <planet DIMID="34" name="Wolf 12 34">
            <isKnown>false</isKnown>
            <fogColor>1.0,1.0,1.0</fogColor>
            <skyColor>0.34668577,0.98401904,1.0</skyColor>
            <gravitationalMultiplier>100</gravitationalMultiplier>
            <orbitalDistance>117</orbitalDistance>
            <orbitalTheta>337</orbitalTheta>
            <orbitalPhi>14</orbitalPhi>
            <retrograde>false</retrograde>
            <avgTemperature>27</avgTemperature>
            <rotationalPeriod>23643</rotationalPeriod>
            <atmosphereDensity>122</atmosphereDensity>
            <generateCraters>false</generateCraters>
            <generateCaves>false</generateCaves>
            <generateVolcanos>false</generateVolcanos>
            <generateStructures>false</generateStructures>
            <generateGeodes>false</generateGeodes>
            <biomeIds>biomesoplenty:grassland;30,biomesoplenty:land_of_lakes;30,minecraft:mutated_extreme_hills;30,advancedrocketry:marsh;30,biomesoplenty:ominous_woods;30</biomeIds>
        </planet>
        <planet DIMID="35" name="Wolf 12 35">
            <isKnown>false</isKnown>
            <fogColor>1.0,1.0,1.0</fogColor>
            <skyColor>0.5049751,0.8719398,1.0</skyColor>
            <gravitationalMultiplier>87</gravitationalMultiplier>
            <orbitalDistance>17</orbitalDistance>
            <orbitalTheta>204</orbitalTheta>
            <orbitalPhi>-190</orbitalPhi>
            <retrograde>false</retrograde>
            <avgTemperature>76</avgTemperature>
            <rotationalPeriod>35825</rotationalPeriod>
            <atmosphereDensity>146</atmosphereDensity>
            <generateCraters>false</generateCraters>
            <generateCaves>false</generateCaves>
            <generateVolcanos>false</generateVolcanos>
            <generateStructures>false</generateStructures>
            <generateGeodes>true</generateGeodes>
            <biomeIds>minecraft:mutated_savanna_rock;30,biomesoplenty:cherry_blossom_grove;30,biomesoplenty:tropical_island;30,minecraft:mutated_forest;30,minecraft:plains;10</biomeIds>
        </planet>
        <planet DIMID="29" name="Wolf 12 29">
            <isKnown>false</isKnown>
            <fogColor>1.0,1.0,1.0</fogColor>
            <skyColor>0.32569182,0.77492094,1.0</skyColor>
            <gravitationalMultiplier>130</gravitationalMultiplier>
            <orbitalDistance>89</orbitalDistance>
            <orbitalTheta>38</orbitalTheta>
            <orbitalPhi>4</orbitalPhi>
            <retrograde>false</retrograde>
            <avgTemperature>32</avgTemperature>
            <rotationalPeriod>10923</rotationalPeriod>
            <atmosphereDensity>136</atmosphereDensity>
            <generateCraters>false</generateCraters>
            <generateCaves>false</generateCaves>
            <generateVolcanos>false</generateVolcanos>
            <generateStructures>false</generateStructures>
            <generateGeodes>true</generateGeodes>
            <biomeIds>biomesoplenty:redwood_forest_edge;30,biomesoplenty:lush_swamp;30,minecraft:savanna_rock;30,minecraft:mutated_birch_forest;30,biomesoplenty:temperate_rainforest;30</biomeIds>
        </planet>
        <planet DIMID="30" name="Wolf 12 30">
            <isKnown>false</isKnown>
            <fogColor>1.0,1.0,1.0</fogColor>
            <skyColor>0.33222538,0.54769605,1.0</skyColor>
            <gravitationalMultiplier>130</gravitationalMultiplier>
            <orbitalDistance>173</orbitalDistance>
            <orbitalTheta>40</orbitalTheta>
            <orbitalPhi>21</orbitalPhi>
            <retrograde>false</retrograde>
            <avgTemperature>21</avgTemperature>
            <rotationalPeriod>10923</rotationalPeriod>
            <atmosphereDensity>93</atmosphereDensity>
            <generateCraters>false</generateCraters>
            <generateCaves>false</generateCaves>
            <generateVolcanos>false</generateVolcanos>
            <generateStructures>false</generateStructures>
            <generateGeodes>false</generateGeodes>
            <biomeIds>minecraft:mutated_savanna_rock;30,biomesoplenty:marsh;30,biomesoplenty:undergarden;30,minecraft:mutated_plains;30,lepidodendron:appleorchard;2</biomeIds>
            <planet DIMID="32" name="Wolf 12 30: 1">
                <isKnown>false</isKnown>
                <fogColor>1.0,1.0,1.0</fogColor>
                <skyColor>0.30724,0.867784,1.0</skyColor>
                <gravitationalMultiplier>79</gravitationalMultiplier>
                <orbitalDistance>170</orbitalDistance>
                <orbitalTheta>258</orbitalTheta>
                <orbitalPhi>11</orbitalPhi>
                <retrograde>false</retrograde>
                <avgTemperature>19</avgTemperature>
                <rotationalPeriod>48677</rotationalPeriod>
                <atmosphereDensity>36</atmosphereDensity>
                <generateCraters>true</generateCraters>
                <generateCaves>false</generateCaves>
                <generateVolcanos>false</generateVolcanos>
                <generateStructures>false</generateStructures>
                <generateGeodes>false</generateGeodes>
                <seaLevel>56</seaLevel>
                <biomeIds>biomesoplenty:moor;30,jeid:error_biome;30,minecraft:savanna;30,biomesoplenty:marsh;30,biomesoplenty:land_of_lakes;30</biomeIds>
            </planet>
            <planet DIMID="31" name="Wolf 12 30: 0">
                <isKnown>false</isKnown>
                <fogColor>1.0,1.0,1.0</fogColor>
                <skyColor>0.32501823,0.8483557,1.0</skyColor>
                <gravitationalMultiplier>77</gravitationalMultiplier>
                <orbitalDistance>160</orbitalDistance>
                <orbitalTheta>164</orbitalTheta>
                <orbitalPhi>89</orbitalPhi>
                <retrograde>false</retrograde>
                <avgTemperature>20</avgTemperature>
                <rotationalPeriod>52570</rotationalPeriod>
                <atmosphereDensity>32</atmosphereDensity>
                <generateCraters>true</generateCraters>
                <generateCaves>false</generateCaves>
                <generateVolcanos>false</generateVolcanos>
                <generateStructures>false</generateStructures>
                <generateGeodes>false</generateGeodes>
                <biomeIds>biomesoplenty:volcanic_island;30,biomesoplenty:flower_field;30,jeid:error_biome;30,minecraft:extreme_hills_with_trees;30,warpdrive:space;30</biomeIds>
            </planet>
        </planet>
    </star>
    <star blackHole="false" name="Epsilon ire" numGasGiants="0" numPlanets="0" size="1.0" temp="170" x="-200" y="80">
        <planet DIMID="48" name="Epsilon ire 48">
            <isKnown>false</isKnown>
            <fogColor>1.0,1.0,1.0</fogColor>
            <skyColor>0.8,0.6076889,0.045776963</skyColor>
            <gravitationalMultiplier>130</gravitationalMultiplier>
            <orbitalDistance>129</orbitalDistance>
            <orbitalTheta>89</orbitalTheta>
            <orbitalPhi>-195</orbitalPhi>
            <retrograde>false</retrograde>
            <avgTemperature>468</avgTemperature>
            <rotationalPeriod>10923</rotationalPeriod>
            <atmosphereDensity>140</atmosphereDensity>
            <generateCraters>false</generateCraters>
            <generateCaves>false</generateCaves>
            <generateVolcanos>true</generateVolcanos>
            <generateStructures>false</generateStructures>
            <generateGeodes>true</generateGeodes>
            <biomeIds>minecraft:deep_ocean;30,biomesoplenty:brushland;30,minecraft:jungle_edge;30,biomesoplenty:bayou;30,biomesoplenty:xeric_shrubland;30</biomeIds>
            <oceanBlock>minecraft:lava</oceanBlock>
        </planet>
        <planet DIMID="36" name="Epsilon ire 36">
            <isKnown>false</isKnown>
            <fogColor>1.0,1.0,1.0</fogColor>
            <skyColor>0.8,0.5510062,0.0</skyColor>
            <gravitationalMultiplier>130</gravitationalMultiplier>
            <orbitalDistance>80</orbitalDistance>
            <orbitalTheta>132</orbitalTheta>
            <orbitalPhi>167</orbitalPhi>
            <retrograde>false</retrograde>
            <avgTemperature>597</avgTemperature>
            <rotationalPeriod>10923</rotationalPeriod>
            <atmosphereDensity>142</atmosphereDensity>
            <generateCraters>false</generateCraters>
            <generateCaves>false</generateCaves>
            <generateVolcanos>true</generateVolcanos>
            <generateStructures>false</generateStructures>
            <generateGeodes>true</generateGeodes>
            <biomeIds>minecraft:mutated_jungle_edge;30,minecraft:jungle_edge;30,minecraft:desert;30,biomesoplenty:phantasmagoric_inferno;30,minecraft:ocean;30</biomeIds>
            <oceanBlock>minecraft:lava</oceanBlock>
        </planet>
        <planet DIMID="37" name="Epsilon ire 37">
            <isKnown>false</isKnown>
            <fogColor>1.0,1.0,1.0</fogColor>
            <skyColor>0.8,0.94591004,0.30356437</skyColor>
            <gravitationalMultiplier>122</gravitationalMultiplier>
            <orbitalDistance>125</orbitalDistance>
            <orbitalTheta>156</orbitalTheta>
            <orbitalPhi>46</orbitalPhi>
            <retrograde>false</retrograde>
            <avgTemperature>389</avgTemperature>
            <rotationalPeriod>13055</rotationalPeriod>
            <atmosphereDensity>57</atmosphereDensity>
            <generateCraters>true</generateCraters>
            <generateCaves>false</generateCaves>
            <generateVolcanos>false</generateVolcanos>
            <generateStructures>false</generateStructures>
            <generateGeodes>false</generateGeodes>
            <biomeIds>biomesoplenty:pasture;30,wyrmsofnyrus:creeped_lands;30,biomesoplenty:bayou;30,lepidodendron:appleorchard;2,minecraft:jungle;30</biomeIds>
            <planet DIMID="38" name="Epsilon ire 37: 0">
                <isKnown>false</isKnown>
                <fogColor>1.0,1.0,1.0</fogColor>
                <skyColor>0.8,0.6323979,0.25002426</skyColor>
                <gravitationalMultiplier>81</gravitationalMultiplier>
                <orbitalDistance>103</orbitalDistance>
                <orbitalTheta>313</orbitalTheta>
                <orbitalPhi>-164</orbitalPhi>
                <retrograde>false</retrograde>
                <avgTemperature>428</avgTemperature>
                <rotationalPeriod>45160</rotationalPeriod>
                <atmosphereDensity>35</atmosphereDensity>
                <generateCraters>true</generateCraters>
                <generateCaves>false</generateCaves>
                <generateVolcanos>false</generateVolcanos>
                <generateStructures>false</generateStructures>
                <generateGeodes>false</generateGeodes>
                <biomeIds>biomesoplenty:eucalyptus_forest;30,lepidodendron:appleorchard;2,biomesoplenty:lavender_fields;30,biomesoplenty:ominous_woods;30,minecraft:forest_hills;30</biomeIds>
            </planet>
            <planet DIMID="39" name="Epsilon ire 37: 1">
                <isKnown>false</isKnown>
                <fogColor>1.0,1.0,1.0</fogColor>
                <skyColor>0.8,0.9072567,0.5612044</skyColor>
                <gravitationalMultiplier>51</gravitationalMultiplier>
                <orbitalDistance>183</orbitalDistance>
                <orbitalTheta>324</orbitalTheta>
                <orbitalPhi>-229</orbitalPhi>
                <retrograde>false</retrograde>
                <avgTemperature>321</avgTemperature>
                <rotationalPeriod>180925</rotationalPeriod>
                <atmosphereDensity>31</atmosphereDensity>
                <generateCraters>true</generateCraters>
                <generateCaves>false</generateCaves>
                <generateVolcanos>false</generateVolcanos>
                <generateStructures>false</generateStructures>
                <generateGeodes>false</generateGeodes>
                <biomeIds>minecraft:ice_flats;30</biomeIds>
            </planet>
        </planet>
        <planet DIMID="40" name="Epsilon ire 40">
            <isKnown>false</isKnown>
            <fogColor>1.0,1.0,1.0</fogColor>
            <skyColor>0.8,0.74448854,0.41449028</skyColor>
            <gravitationalMultiplier>107</gravitationalMultiplier>
            <orbitalDistance>143</orbitalDistance>
            <orbitalTheta>181</orbitalTheta>
            <orbitalPhi>-350</orbitalPhi>
            <retrograde>false</retrograde>
            <avgTemperature>370</avgTemperature>
            <rotationalPeriod>19319</rotationalPeriod>
            <atmosphereDensity>67</atmosphereDensity>
            <generateCraters>true</generateCraters>
            <generateCaves>false</generateCaves>
            <generateVolcanos>false</generateVolcanos>
            <generateStructures>false</generateStructures>
            <generateGeodes>false</generateGeodes>
            <biomeIds>biomesoplenty:land_of_lakes;30,minecraft:roofed_forest;10,biomesoplenty:mangrove;30,biomesoplenty:lush_desert;30,minecraft:extreme_hills_with_trees;30</biomeIds>
        </planet>
        <planet DIMID="41" name="Epsilon ire 41">
            <isKnown>false</isKnown>
            <fogColor>1.0,1.0,1.0</fogColor>
            <skyColor>0.8,0.59813905,0.0</skyColor>
            <gravitationalMultiplier>124</gravitationalMultiplier>
            <orbitalDistance>126</orbitalDistance>
            <orbitalTheta>3</orbitalTheta>
            <orbitalPhi>-276</orbitalPhi>
            <retrograde>false</retrograde>
            <avgTemperature>522</avgTemperature>
            <rotationalPeriod>12436</rotationalPeriod>
            <atmosphereDensity>206</atmosphereDensity>
            <generateCraters>false</generateCraters>
            <generateCaves>false</generateCaves>
            <generateVolcanos>true</generateVolcanos>
            <generateStructures>false</generateStructures>
            <generateGeodes>true</generateGeodes>
            <biomeIds>biomesoplenty:volcanic_island;30,minecraft:mutated_mesa_rock;30,minecraft:mutated_jungle_edge;30,biomesoplenty:tropical_rainforest;30,biomesoplenty:outback;30</biomeIds>
            <oceanBlock>minecraft:lava</oceanBlock>
        </planet>
        <planet DIMID="42" name="Epsilon ire 42">
            <isKnown>false</isKnown>
            <fogColor>1.0,1.0,1.0</fogColor>
            <skyColor>0.8,0.66635036,0.027403831</skyColor>
            <gravitationalMultiplier>121</gravitationalMultiplier>
            <orbitalDistance>91</orbitalDistance>
            <orbitalTheta>92</orbitalTheta>
            <orbitalPhi>27</orbitalPhi>
            <retrograde>false</retrograde>
            <avgTemperature>486</avgTemperature>
            <rotationalPeriod>13380</rotationalPeriod>
            <atmosphereDensity>81</atmosphereDensity>
            <generateCraters>false</generateCraters>
            <generateCaves>false</generateCaves>
            <generateVolcanos>true</generateVolcanos>
            <generateStructures>false</generateStructures>
            <generateGeodes>false</generateGeodes>
            <biomeIds>biomesoplenty:oasis;30,biomesoplenty:outback;30,biomesoplenty:brushland;30,minecraft:mutated_mesa_clear_rock;30,minecraft:jungle_hills;30</biomeIds>
            <planet DIMID="43" name="Epsilon ire 42: 0">
                <isKnown>false</isKnown>
                <hasRings>true</hasRings>
                <ringColor>0.8,0.9927057,0.4396959</ringColor>
                <fogColor>1.0,1.0,1.0</fogColor>
                <skyColor>0.8,0.9927057,0.4396959</skyColor>
                <gravitationalMultiplier>37</gravitationalMultiplier>
                <orbitalDistance>155</orbitalDistance>
                <orbitalTheta>21</orbitalTheta>
                <orbitalPhi>-37</orbitalPhi>
                <retrograde>false</retrograde>
                <avgTemperature>349</avgTemperature>
                <rotationalPeriod>473812</rotationalPeriod>
                <atmosphereDensity>35</atmosphereDensity>
                <generateCraters>true</generateCraters>
                <generateCaves>false</generateCaves>
                <generateVolcanos>false</generateVolcanos>
                <generateStructures>false</generateStructures>
                <generateGeodes>false</generateGeodes>
                <biomeIds>minecraft:extreme_hills;10</biomeIds>
            </planet>
            <oceanBlock>minecraft:lava</oceanBlock>
        </planet>
        <planet DIMID="44" name="Epsilon ire 44">
            <isKnown>false</isKnown>
            <fogColor>1.0,1.0,1.0</fogColor>
            <skyColor>0.8,0.89447457,0.41372895</skyColor>
            <gravitationalMultiplier>130</gravitationalMultiplier>
            <orbitalDistance>145</orbitalDistance>
            <orbitalTheta>198</orbitalTheta>
            <orbitalPhi>-39</orbitalPhi>
            <retrograde>false</retrograde>
            <avgTemperature>367</avgTemperature>
            <rotationalPeriod>10923</rotationalPeriod>
            <atmosphereDensity>67</atmosphereDensity>
            <generateCraters>true</generateCraters>
            <generateCaves>false</generateCaves>
            <generateVolcanos>false</generateVolcanos>
            <generateStructures>false</generateStructures>
            <generateGeodes>false</generateGeodes>
            <biomeIds>minecraft:deep_ocean;30,biomesoplenty:phantasmagoric_inferno;30,minecraft:savanna_rock;30,biomesoplenty:lush_swamp;30,biomesoplenty:grassland;30</biomeIds>
            <planet DIMID="45" name="Epsilon ire 44: 0">
                <isKnown>false</isKnown>
                <fogColor>1.0,1.0,1.0</fogColor>
                <skyColor>0.8,0.778998,0.5941111</skyColor>
                <gravitationalMultiplier>52</gravitationalMultiplier>
                <orbitalDistance>181</orbitalDistance>
                <orbitalTheta>303</orbitalTheta>
                <orbitalPhi>49</orbitalPhi>
                <retrograde>false</retrograde>
                <avgTemperature>323</avgTemperature>
                <rotationalPeriod>161206</rotationalPeriod>
                <atmosphereDensity>35</atmosphereDensity>
                <generateCraters>true</generateCraters>
                <generateCaves>false</generateCaves>
                <generateVolcanos>false</generateVolcanos>
                <generateStructures>false</generateStructures>
                <generateGeodes>false</generateGeodes>
                <biomeIds>minecraft:forest;10,biomesoplenty:temperate_rainforest;30,minecraft:mushroom_island_shore;30,minecraft:plains;10,biomesoplenty:highland;30</biomeIds>
            </planet>
            <planet DIMID="46" name="Epsilon ire 44: 1">
                <isKnown>false</isKnown>
                <fogColor>1.0,1.0,1.0</fogColor>
                <skyColor>0.8,0.8140035,0.58151823</skyColor>
                <gravitationalMultiplier>42</gravitationalMultiplier>
                <orbitalDistance>186</orbitalDistance>
                <orbitalTheta>38</orbitalTheta>
                <orbitalPhi>81</orbitalPhi>
                <retrograde>false</retrograde>
                <avgTemperature>318</avgTemperature>
                <rotationalPeriod>323939</rotationalPeriod>
                <atmosphereDensity>26</atmosphereDensity>
                <generateCraters>true</generateCraters>
                <generateCaves>false</generateCaves>
                <generateVolcanos>false</generateVolcanos>
                <generateStructures>false</generateStructures>
                <generateGeodes>false</generateGeodes>
                <biomeIds>advancedrocketry:crystalchasms;30</biomeIds>
            </planet>
            <planet DIMID="47" name="Epsilon ire 44: 2">
                <isKnown>false</isKnown>
                <fogColor>1.0,1.0,1.0</fogColor>
                <skyColor>0.8,0.8824173,0.34832793</skyColor>
                <gravitationalMultiplier>76</gravitationalMultiplier>
                <orbitalDistance>125</orbitalDistance>
                <orbitalTheta>357</orbitalTheta>
                <orbitalPhi>206</orbitalPhi>
                <retrograde>false</retrograde>
                <avgTemperature>389</avgTemperature>
                <rotationalPeriod>54672</rotationalPeriod>
                <atmosphereDensity>22</atmosphereDensity>
                <generateCraters>true</generateCraters>
                <generateCaves>false</generateCaves>
                <generateVolcanos>false</generateVolcanos>
                <generateStructures>false</generateStructures>
                <generateGeodes>false</generateGeodes>
                <biomeIds>advancedrocketry:moon;30,advancedrocketry:moondark;30</biomeIds>
            </planet>
        </planet>
    </star>
    <star blackHole="false" name="Proxima Centaurs" numGasGiants="0" numPlanets="0" size="1.0" temp="200" x="-150" y="250">
        <planet DIMID="49" name="Proxima Centaurs 49">
            <isKnown>false</isKnown>
            <fogColor>1.0,1.0,1.0</fogColor>
            <skyColor>0.8,0.64518,0.0</skyColor>
            <gravitationalMultiplier>130</gravitationalMultiplier>
            <orbitalDistance>65</orbitalDistance>
            <orbitalTheta>340</orbitalTheta>
            <orbitalPhi>52</orbitalPhi>
            <retrograde>false</retrograde>
            <avgTemperature>779</avgTemperature>
            <rotationalPeriod>10923</rotationalPeriod>
            <atmosphereDensity>142</atmosphereDensity>
            <generateCraters>false</generateCraters>
            <generateCaves>false</generateCaves>
            <generateVolcanos>true</generateVolcanos>
            <generateStructures>false</generateStructures>
            <generateGeodes>true</generateGeodes>
            <biomeIds>minecraft:jungle_hills;30,minecraft:savanna_rock;30,minecraft:desert;30,advancedrocketry:oceanspires;30,biomesoplenty:bayou;30</biomeIds>
            <oceanBlock>minecraft:lava</oceanBlock>
        </planet>
        <planet DIMID="50" name="Proxima Centaurs 50">
            <isKnown>false</isKnown>
            <fogColor>1.0,1.0,1.0</fogColor>
            <skyColor>0.8,0.81314874,0.09480846</skyColor>
            <gravitationalMultiplier>122</gravitationalMultiplier>
            <orbitalDistance>170</orbitalDistance>
            <orbitalTheta>73</orbitalTheta>
            <orbitalPhi>-41</orbitalPhi>
            <retrograde>false</retrograde>
            <avgTemperature>476</avgTemperature>
            <rotationalPeriod>13055</rotationalPeriod>
            <atmosphereDensity>136</atmosphereDensity>
            <generateCraters>false</generateCraters>
            <generateCaves>false</generateCaves>
            <generateVolcanos>true</generateVolcanos>
            <generateStructures>false</generateStructures>
            <generateGeodes>true</generateGeodes>
            <biomeIds>minecraft:desert_hills;30,biomesoplenty:oasis;30,biomesoplenty:outback;30,biomesoplenty:tropical_rainforest;30,minecraft:jungle;30</biomeIds>
            <planet DIMID="51" name="Proxima Centaurs 50: 0">
                <isKnown>false</isKnown>
                <fogColor>1.0,1.0,1.0</fogColor>
                <skyColor>0.8,0.8003838,0.35721713</skyColor>
                <gravitationalMultiplier>49</gravitationalMultiplier>
                <orbitalDistance>163</orbitalDistance>
                <orbitalTheta>193</orbitalTheta>
                <orbitalPhi>-243</orbitalPhi>
                <retrograde>false</retrograde>
                <avgTemperature>400</avgTemperature>
                <rotationalPeriod>203996</rotationalPeriod>
                <atmosphereDensity>33</atmosphereDensity>
                <generateCraters>true</generateCraters>
                <generateCaves>false</generateCaves>
                <generateVolcanos>false</generateVolcanos>
                <generateStructures>false</generateStructures>
                <generateGeodes>false</generateGeodes>
                <biomeIds>biomesoplenty:sacred_springs;30,biomesoplenty:overgrown_cliffs;30,minecraft:ocean;30,biomesoplenty:origin_island;30,biomesoplenty:ominous_woods;30</biomeIds>
            </planet>
            <oceanBlock>minecraft:lava</oceanBlock>
        </planet>
        <planet DIMID="52" name="Proxima Centaurs 52">
            <isKnown>false</isKnown>
            <fogColor>1.0,1.0,1.0</fogColor>
            <skyColor>0.8,0.5917269,0.124221206</skyColor>
            <gravitationalMultiplier>116</gravitationalMultiplier>
            <orbitalDistance>122</orbitalDistance>
            <orbitalTheta>110</orbitalTheta>
            <orbitalPhi>-161</orbitalPhi>
            <retrograde>false</retrograde>
            <avgTemperature>463</avgTemperature>
            <rotationalPeriod>14794</rotationalPeriod>
            <atmosphereDensity>0</atmosphereDensity>
            <generateCraters>true</generateCraters>
            <generateCaves>false</generateCaves>
            <generateVolcanos>true</generateVolcanos>
            <generateStructures>false</generateStructures>
            <generateGeodes>false</generateGeodes>
            <biomeIds>advancedrocketry:moon;30,advancedrocketry:moondark;30</biomeIds>
            <planet DIMID="53" name="Proxima Centaurs 52: 0">
                <isKnown>false</isKnown>
                <fogColor>1.0,1.0,1.0</fogColor>
                <skyColor>0.8,0.7247136,0.32055366</skyColor>
                <gravitationalMultiplier>82</gravitationalMultiplier>
                <orbitalDistance>169</orbitalDistance>
                <orbitalTheta>266</orbitalTheta>
                <orbitalPhi>23</orbitalPhi>
                <retrograde>false</retrograde>
                <avgTemperature>393</avgTemperature>
                <rotationalPeriod>43528</rotationalPeriod>
                <atmosphereDensity>18</atmosphereDensity>
                <generateCraters>true</generateCraters>
                <generateCaves>false</generateCaves>
                <generateVolcanos>false</generateVolcanos>
                <generateStructures>false</generateStructures>
                <generateGeodes>false</generateGeodes>
                <biomeIds>advancedrocketry:moon;30,advancedrocketry:moondark;30</biomeIds>
            </planet>
            <planet DIMID="54" name="Proxima Centaurs 52: 1">
                <isKnown>false</isKnown>
                <fogColor>1.0,1.0,1.0</fogColor>
                <skyColor>0.8,0.7627441,0.08471048</skyColor>
                <gravitationalMultiplier>68</gravitationalMultiplier>
                <orbitalDistance>112</orbitalDistance>
                <orbitalTheta>252</orbitalTheta>
                <orbitalPhi>178</orbitalPhi>
                <retrograde>false</retrograde>
                <avgTemperature>483</avgTemperature>
                <rotationalPeriod>76328</rotationalPeriod>
                <atmosphereDensity>36</atmosphereDensity>
                <generateCraters>true</generateCraters>
                <generateCaves>false</generateCaves>
                <generateVolcanos>true</generateVolcanos>
                <generateStructures>false</generateStructures>
                <generateGeodes>false</generateGeodes>
                <biomeIds>advancedrocketry:oceanspires;30,minecraft:mutated_savanna;30,minecraft:desert;30,minecraft:deep_ocean;30,minecraft:mutated_savanna_rock;30</biomeIds>
                <oceanBlock>minecraft:lava</oceanBlock>
            </planet>
            <planet DIMID="55" name="Proxima Centaurs 52: 2">
                <isKnown>false</isKnown>
                <fogColor>1.0,1.0,1.0</fogColor>
                <skyColor>0.8,0.52318084,0.0</skyColor>
                <gravitationalMultiplier>38</gravitationalMultiplier>
                <orbitalDistance>104</orbitalDistance>
                <orbitalTheta>73</orbitalTheta>
                <orbitalPhi>-141</orbitalPhi>
                <retrograde>false</retrograde>
                <avgTemperature>501</avgTemperature>
                <rotationalPeriod>437381</rotationalPeriod>
                <atmosphereDensity>16</atmosphereDensity>
                <generateCraters>true</generateCraters>
                <generateCaves>false</generateCaves>
                <generateVolcanos>true</generateVolcanos>
                <generateStructures>false</generateStructures>
                <generateGeodes>false</generateGeodes>
                <biomeIds>advancedrocketry:moon;30,advancedrocketry:moondark;30</biomeIds>
                <oceanBlock>minecraft:lava</oceanBlock>
            </planet>
            <oceanBlock>minecraft:lava</oceanBlock>
        </planet>
    </star>
    <star blackHole="false" name="Magnis Vulpes" numGasGiants="0" numPlanets="0" size="1.0" temp="70" x="-150" y="-250">
        <planet DIMID="56" name="Magnis Vulpes 56">
            <isKnown>false</isKnown>
            <fogColor>1.0,1.0,1.0</fogColor>
            <skyColor>0.8,0.62700534,0.7486483</skyColor>
            <gravitationalMultiplier>101</gravitationalMultiplier>
            <orbitalDistance>65</orbitalDistance>
            <orbitalTheta>27</orbitalTheta>
            <orbitalPhi>-210</orbitalPhi>
            <retrograde>false</retrograde>
            <avgTemperature>269</avgTemperature>
            <rotationalPeriod>22951</rotationalPeriod>
            <atmosphereDensity>135</atmosphereDensity>
            <generateCraters>false</generateCraters>
            <generateCaves>false</generateCaves>
            <generateVolcanos>false</generateVolcanos>
            <generateStructures>true</generateStructures>
            <generateGeodes>true</generateGeodes>
            <biomeIds>minecraft:forest;10,biomesoplenty:eucalyptus_forest;30,biomesoplenty:wasteland;30,biomesoplenty:tropical_island;30,biomesoplenty:grove;30</biomeIds>
        </planet>
        <planet DIMID="57" name="Magnis Vulpes 57">
            <isKnown>false</isKnown>
            <fogColor>1.0,1.0,1.0</fogColor>
            <skyColor>0.8,0.5659207,1.0</skyColor>
            <gravitationalMultiplier>119</gravitationalMultiplier>
            <orbitalDistance>134</orbitalDistance>
            <orbitalTheta>152</orbitalTheta>
            <orbitalPhi>-178</orbitalPhi>
            <retrograde>false</retrograde>
            <avgTemperature>188</avgTemperature>
            <rotationalPeriod>14063</rotationalPeriod>
            <atmosphereDensity>137</atmosphereDensity>
            <generateCraters>false</generateCraters>
            <generateCaves>false</generateCaves>
            <generateVolcanos>false</generateVolcanos>
            <generateStructures>false</generateStructures>
            <generateGeodes>true</generateGeodes>
            <biomeIds>advancedrocketry:crystalchasms;30</biomeIds>
            <planet DIMID="58" name="Magnis Vulpes 57: 0">
                <isKnown>false</isKnown>
                <fogColor>1.0,1.0,1.0</fogColor>
                <skyColor>0.72958875,0.92983276,1.0</skyColor>
                <gravitationalMultiplier>72</gravitationalMultiplier>
                <orbitalDistance>154</orbitalDistance>
                <orbitalTheta>185</orbitalTheta>
                <orbitalPhi>-20</orbitalPhi>
                <retrograde>false</retrograde>
                <avgTemperature>144</avgTemperature>
                <rotationalPeriod>64300</rotationalPeriod>
                <atmosphereDensity>14</atmosphereDensity>
                <generateCraters>true</generateCraters>
                <generateCaves>false</generateCaves>
                <generateVolcanos>false</generateVolcanos>
                <generateStructures>false</generateStructures>
                <generateGeodes>false</generateGeodes>
                <biomeIds>advancedrocketry:moon;30,advancedrocketry:moondark;30</biomeIds>
            </planet>
        </planet>
    </star>
    <star blackHole="false" name="Ma-Roo" numGasGiants="0" numPlanets="0" size="1.0" temp="200" x="50" y="-250">
        <planet DIMID="64" name="Ma-Roo 64">
            <isKnown>false</isKnown>
            <fogColor>1.0,1.0,1.0</fogColor>
            <skyColor>0.8,0.80144167,0.0</skyColor>
            <gravitationalMultiplier>115</gravitationalMultiplier>
            <orbitalDistance>143</orbitalDistance>
            <orbitalTheta>292</orbitalTheta>
            <orbitalPhi>-78</orbitalPhi>
            <retrograde>false</retrograde>
            <avgTemperature>571</avgTemperature>
            <rotationalPeriod>15576</rotationalPeriod>
            <atmosphereDensity>198</atmosphereDensity>
            <generateCraters>false</generateCraters>
            <generateCaves>false</generateCaves>
            <generateVolcanos>true</generateVolcanos>
            <generateStructures>false</generateStructures>
            <generateGeodes>true</generateGeodes>
            <biomeIds>biomesoplenty:tropical_rainforest;30,minecraft:mutated_savanna_rock;30,minecraft:savanna_rock;30,minecraft:mutated_desert;30,biomesoplenty:outback;30</biomeIds>
            <oceanBlock>minecraft:lava</oceanBlock>
        </planet>
        <planet DIMID="65" name="Ma-Roo 65">
            <isKnown>false</isKnown>
            <fogColor>1.0,1.0,1.0</fogColor>
            <skyColor>0.8,0.9746248,0.0</skyColor>
            <gravitationalMultiplier>130</gravitationalMultiplier>
            <orbitalDistance>20</orbitalDistance>
            <orbitalTheta>132</orbitalTheta>
            <orbitalPhi>2</orbitalPhi>
            <retrograde>false</retrograde>
            <avgTemperature>1306</avgTemperature>
            <rotationalPeriod>10923</rotationalPeriod>
            <atmosphereDensity>106</atmosphereDensity>
            <generateCraters>false</generateCraters>
            <generateCaves>false</generateCaves>
            <generateVolcanos>true</generateVolcanos>
            <generateStructures>false</generateStructures>
            <generateGeodes>false</generateGeodes>
            <biomeIds>biomesoplenty:corrupted_sands;30,minecraft:mutated_mesa_rock;30,minecraft:savanna_rock;30,minecraft:jungle_hills;30,biomesoplenty:fungi_forest;30</biomeIds>
            <planet DIMID="66" name="Ma-Roo 65: 0">
                <isKnown>false</isKnown>
                <fogColor>1.0,1.0,1.0</fogColor>
                <skyColor>0.8,0.55302054,0.3717491</skyColor>
                <gravitationalMultiplier>74</gravitationalMultiplier>
                <orbitalDistance>178</orbitalDistance>
                <orbitalTheta>252</orbitalTheta>
                <orbitalPhi>-251</orbitalPhi>
                <retrograde>false</retrograde>
                <avgTemperature>383</avgTemperature>
                <rotationalPeriod>59226</rotationalPeriod>
                <atmosphereDensity>32</atmosphereDensity>
                <generateCraters>true</generateCraters>
                <generateCaves>false</generateCaves>
                <generateVolcanos>false</generateVolcanos>
                <generateStructures>false</generateStructures>
                <generateGeodes>false</generateGeodes>
                <biomeIds>minecraft:birch_forest;10,advancedrocketry:crystalchasms;30,biomesoplenty:corrupted_sands;30,minecraft:mutated_roofed_forest;30,biomesoplenty:tropical_island;30</biomeIds>
            </planet>
            <planet DIMID="67" name="Ma-Roo 65: 1">
                <isKnown>false</isKnown>
                <fogColor>1.0,1.0,1.0</fogColor>
                <skyColor>0.8,0.5507494,0.29055423</skyColor>
                <gravitationalMultiplier>58</gravitationalMultiplier>
                <orbitalDistance>166</orbitalDistance>
                <orbitalTheta>244</orbitalTheta>
                <orbitalPhi>-62</orbitalPhi>
                <retrograde>false</retrograde>
                <avgTemperature>397</avgTemperature>
                <rotationalPeriod>116857</rotationalPeriod>
                <atmosphereDensity>22</atmosphereDensity>
                <generateCraters>true</generateCraters>
                <generateCaves>false</generateCaves>
                <generateVolcanos>false</generateVolcanos>
                <generateStructures>false</generateStructures>
                <generateGeodes>false</generateGeodes>
                <biomeIds>advancedrocketry:moon;30,advancedrocketry:moondark;30</biomeIds>
            </planet>
            <oceanBlock>minecraft:lava</oceanBlock>
        </planet>
        <planet DIMID="68" name="Ma-Roo 68">
            <isKnown>false</isKnown>
            <fogColor>1.0,1.0,1.0</fogColor>
            <skyColor>0.8,0.8908793,0.26209688</skyColor>
            <gravitationalMultiplier>100</gravitationalMultiplier>
            <orbitalDistance>148</orbitalDistance>
            <orbitalTheta>264</orbitalTheta>
            <orbitalPhi>-161</orbitalPhi>
            <retrograde>false</retrograde>
            <avgTemperature>420</avgTemperature>
            <rotationalPeriod>23643</rotationalPeriod>
            <atmosphereDensity>34</atmosphereDensity>
            <generateCraters>true</generateCraters>
            <generateCaves>false</generateCaves>
            <generateVolcanos>false</generateVolcanos>
            <generateStructures>false</generateStructures>
            <generateGeodes>false</generateGeodes>
            <biomeIds>minecraft:mutated_savanna_rock;30,minecraft:mutated_jungle;30,biomesoplenty:woodland;30,biomesoplenty:chaparral;30,biomesoplenty:marsh;30</biomeIds>
            <planet DIMID="69" name="Ma-Roo 68: 0">
                <isKnown>false</isKnown>
                <fogColor>1.0,1.0,1.0</fogColor>
                <skyColor>0.8,0.5994762,0.263857</skyColor>
                <gravitationalMultiplier>36</gravitationalMultiplier>
                <orbitalDistance>143</orbitalDistance>
                <orbitalTheta>87</orbitalTheta>
                <orbitalPhi>120</orbitalPhi>
                <retrograde>false</retrograde>
                <avgTemperature>427</avgTemperature>
                <rotationalPeriod>514403</rotationalPeriod>
                <atmosphereDensity>35</atmosphereDensity>
                <generateCraters>true</generateCraters>
                <generateCaves>false</generateCaves>
                <generateVolcanos>false</generateVolcanos>
                <generateStructures>false</generateStructures>
                <generateGeodes>false</generateGeodes>
                <biomeIds>minecraft:desert_hills;30</biomeIds>
            </planet>
            <planet DIMID="70" name="Ma-Roo 68: 1">
                <isKnown>false</isKnown>
                <fogColor>1.0,1.0,1.0</fogColor>
                <skyColor>0.8,0.74252313,0.3475864</skyColor>
                <gravitationalMultiplier>58</gravitationalMultiplier>
                <orbitalDistance>168</orbitalDistance>
                <orbitalTheta>24</orbitalTheta>
                <orbitalPhi>-181</orbitalPhi>
                <retrograde>false</retrograde>
                <avgTemperature>394</avgTemperature>
                <rotationalPeriod>123006</rotationalPeriod>
                <atmosphereDensity>37</atmosphereDensity>
                <generateCraters>true</generateCraters>
                <generateCaves>false</generateCaves>
                <generateVolcanos>false</generateVolcanos>
                <generateStructures>false</generateStructures>
                <generateGeodes>false</generateGeodes>
                <biomeIds>advancedrocketry:volcanicbarren;30</biomeIds>
            </planet>
        </planet>
        <planet DIMID="59" name="Ma-Roo 59">
            <isKnown>false</isKnown>
            <fogColor>1.0,1.0,1.0</fogColor>
            <skyColor>0.8,0.7633479,0.0</skyColor>
            <gravitationalMultiplier>104</gravitationalMultiplier>
            <orbitalDistance>42</orbitalDistance>
            <orbitalTheta>131</orbitalTheta>
            <orbitalPhi>-83</orbitalPhi>
            <retrograde>false</retrograde>
            <avgTemperature>997</avgTemperature>
            <rotationalPeriod>21031</rotationalPeriod>
            <atmosphereDensity>159</atmosphereDensity>
            <generateCraters>false</generateCraters>
            <generateCaves>false</generateCaves>
            <generateVolcanos>true</generateVolcanos>
            <generateStructures>false</generateStructures>
            <generateGeodes>true</generateGeodes>
            <biomeIds>biomesoplenty:corrupted_sands;30,minecraft:mutated_mesa;30,minecraft:frozen_ocean;30,biomesoplenty:volcanic_island;30,minecraft:mutated_savanna;30</biomeIds>
            <oceanBlock>minecraft:lava</oceanBlock>
        </planet>
        <planet DIMID="60" name="Ma-Roo 60">
            <isKnown>false</isKnown>
            <fogColor>1.0,1.0,1.0</fogColor>
            <skyColor>0.8,0.76437294,0.19213372</skyColor>
            <gravitationalMultiplier>114</gravitationalMultiplier>
            <orbitalDistance>162</orbitalDistance>
            <orbitalTheta>311</orbitalTheta>
            <orbitalPhi>-2</orbitalPhi>
            <retrograde>false</retrograde>
            <avgTemperature>452</avgTemperature>
            <rotationalPeriod>15988</rotationalPeriod>
            <atmosphereDensity>100</atmosphereDensity>
            <generateCraters>false</generateCraters>
            <generateCaves>false</generateCaves>
            <generateVolcanos>true</generateVolcanos>
            <generateStructures>false</generateStructures>
            <generateGeodes>false</generateGeodes>
            <biomeIds>minecraft:desert;30,biomesoplenty:phantasmagoric_inferno;30,minecraft:mutated_mesa_clear_rock;30,minecraft:jungle_hills;30,minecraft:frozen_ocean;30</biomeIds>
            <planet DIMID="61" name="Ma-Roo 60: 0">
                <isKnown>false</isKnown>
                <fogColor>1.0,1.0,1.0</fogColor>
                <skyColor>0.8,0.96653605,0.37246126</skyColor>
                <gravitationalMultiplier>49</gravitationalMultiplier>
                <orbitalDistance>187</orbitalDistance>
                <orbitalTheta>43</orbitalTheta>
                <orbitalPhi>96</orbitalPhi>
                <retrograde>false</retrograde>
                <avgTemperature>374</avgTemperature>
                <rotationalPeriod>203996</rotationalPeriod>
                <atmosphereDensity>30</atmosphereDensity>
                <generateCraters>true</generateCraters>
                <generateCaves>false</generateCaves>
                <generateVolcanos>false</generateVolcanos>
                <generateStructures>false</generateStructures>
                <generateGeodes>false</generateGeodes>
                <biomeIds>minecraft:savanna;30,advancedrocketry:volcanicbarren;30,biomesoplenty:flower_field;30,minecraft:mushroom_island_shore;30,minecraft:frozen_ocean;30</biomeIds>
            </planet>
            <planet DIMID="62" name="Ma-Roo 60: 1">
                <isKnown>false</isKnown>
                <fogColor>1.0,1.0,1.0</fogColor>
                <skyColor>0.8,0.7904767,0.39860547</skyColor>
                <gravitationalMultiplier>72</gravitationalMultiplier>
                <orbitalDistance>176</orbitalDistance>
                <orbitalTheta>39</orbitalTheta>
                <orbitalPhi>-349</orbitalPhi>
                <retrograde>false</retrograde>
                <avgTemperature>385</avgTemperature>
                <rotationalPeriod>64300</rotationalPeriod>
                <atmosphereDensity>29</atmosphereDensity>
                <generateCraters>true</generateCraters>
                <generateCaves>false</generateCaves>
                <generateVolcanos>false</generateVolcanos>
                <generateStructures>false</generateStructures>
                <generateGeodes>false</generateGeodes>
                <biomeIds>minecraft:mutated_extreme_hills;30,advancedrocketry:marsh;30,biomesoplenty:mountain;30,biomesoplenty:tropical_rainforest;30,wyrmsofnyrus:creeped_lands;30</biomeIds>
            </planet>
            <oceanBlock>minecraft:lava</oceanBlock>
        </planet>
        <planet DIMID="63" name="Ma-Roo 63">
            <isKnown>false</isKnown>
            <fogColor>1.0,1.0,1.0</fogColor>
            <skyColor>0.8,0.5557436,0.413298</skyColor>
            <gravitationalMultiplier>130</gravitationalMultiplier>
            <orbitalDistance>191</orbitalDistance>
            <orbitalTheta>248</orbitalTheta>
            <orbitalPhi>7</orbitalPhi>
            <retrograde>false</retrograde>
            <avgTemperature>370</avgTemperature>
            <rotationalPeriod>10923</rotationalPeriod>
            <atmosphereDensity>27</atmosphereDensity>
            <generateCraters>true</generateCraters>
            <generateCaves>false</generateCaves>
            <generateVolcanos>false</generateVolcanos>
            <generateStructures>false</generateStructures>
            <generateGeodes>false</generateGeodes>
            <biomeIds>biomesoplenty:kelp_forest;30,minecraft:mutated_birch_forest;30,biomesoplenty:quagmire;30,minecraft:mutated_birch_forest_hills;30,minecraft:mutated_mesa_clear_rock;30</biomeIds>
        </planet>
    </star>
    <star blackHole="false" name="Alykitt" numGasGiants="0" numPlanets="0" size="1.0" temp="120" x="75" y="200">
        <planet DIMID="71" name="Alykitt 71">
            <isKnown>false</isKnown>
            <GasGiant>true</GasGiant>
            <gas>hydrogen</gas>
            <fogColor>1.0,1.0,1.0</fogColor>
            <skyColor>1.0,1.0,1.0</skyColor>
            <gravitationalMultiplier>130</gravitationalMultiplier>
            <orbitalDistance>188</orbitalDistance>
            <orbitalTheta>0</orbitalTheta>
            <orbitalPhi>0</orbitalPhi>
            <retrograde>false</retrograde>
            <avgTemperature>287</avgTemperature>
            <rotationalPeriod>24000</rotationalPeriod>
            <atmosphereDensity>170</atmosphereDensity>
            <generateCraters>false</generateCraters>
            <generateCaves>false</generateCaves>
            <generateVolcanos>false</generateVolcanos>
            <generateStructures>false</generateStructures>
            <generateGeodes>false</generateGeodes>
        </planet>
        <planet DIMID="72" name="Alykitt 72">
            <isKnown>false</isKnown>
            <fogColor>1.0,1.0,1.0</fogColor>
            <skyColor>0.8,0.65699697,0.0</skyColor>
            <gravitationalMultiplier>116</gravitationalMultiplier>
            <orbitalDistance>13</orbitalDistance>
            <orbitalTheta>0</orbitalTheta>
            <orbitalPhi>-36</orbitalPhi>
            <retrograde>false</retrograde>
            <avgTemperature>1026</avgTemperature>
            <rotationalPeriod>15178</rotationalPeriod>
            <atmosphereDensity>132</atmosphereDensity>
            <generateCraters>false</generateCraters>
            <generateCaves>false</generateCaves>
            <generateVolcanos>true</generateVolcanos>
            <generateStructures>false</generateStructures>
            <generateGeodes>true</generateGeodes>
            <biomeIds>biomesoplenty:xeric_shrubland;30,minecraft:mutated_mesa;30,biomesoplenty:coral_reef;30,minecraft:mutated_mesa_rock;30,biomesoplenty:tropical_rainforest;30</biomeIds>
            <planet DIMID="73" name="Alykitt 72: 0">
                <isKnown>false</isKnown>
                <fogColor>1.0,1.0,1.0</fogColor>
                <skyColor>0.8,0.72567284,0.7327762</skyColor>
                <gravitationalMultiplier>66</gravitationalMultiplier>
                <orbitalDistance>118</orbitalDistance>
                <orbitalTheta>99</orbitalTheta>
                <orbitalPhi>-33</orbitalPhi>
                <retrograde>false</retrograde>
                <avgTemperature>282</avgTemperature>
                <rotationalPeriod>83479</rotationalPeriod>
                <atmosphereDensity>31</atmosphereDensity>
                <generateCraters>true</generateCraters>
                <generateCaves>false</generateCaves>
                <generateVolcanos>false</generateVolcanos>
                <generateStructures>false</generateStructures>
                <generateGeodes>false</generateGeodes>
                <biomeIds>advancedrocketry:crystalchasms;30</biomeIds>
            </planet>
            <planet DIMID="74" name="Alykitt 72: 1">
                <isKnown>false</isKnown>
                <fogColor>1.0,1.0,1.0</fogColor>
                <skyColor>0.8,0.96485174,0.8704934</skyColor>
                <gravitationalMultiplier>41</gravitationalMultiplier>
                <orbitalDistance>163</orbitalDistance>
                <orbitalTheta>340</orbitalTheta>
                <orbitalPhi>59</orbitalPhi>
                <retrograde>false</retrograde>
                <avgTemperature>240</avgTemperature>
                <rotationalPeriod>348224</rotationalPeriod>
                <atmosphereDensity>31</atmosphereDensity>
                <generateCraters>true</generateCraters>
                <generateCaves>false</generateCaves>
                <generateVolcanos>false</generateVolcanos>
                <generateStructures>false</generateStructures>
                <generateGeodes>false</generateGeodes>
                <biomeIds>biomesoplenty:pasture;30,minecraft:mesa;30,biomesoplenty:bayou;30,biomesoplenty:redwood_forest_edge;30,biomesoplenty:gravel_beach;30</biomeIds>
            </planet>
            <oceanBlock>minecraft:lava</oceanBlock>
        </planet>
        <planet DIMID="75" name="Alykitt 75">
            <isKnown>false</isKnown>
            <fogColor>1.0,1.0,1.0</fogColor>
            <skyColor>0.8,0.6121751,0.29877877</skyColor>
            <gravitationalMultiplier>130</gravitationalMultiplier>
            <orbitalDistance>82</orbitalDistance>
            <orbitalTheta>126</orbitalTheta>
            <orbitalPhi>-199</orbitalPhi>
            <retrograde>false</retrograde>
            <avgTemperature>413</avgTemperature>
            <rotationalPeriod>10923</rotationalPeriod>
            <atmosphereDensity>138</atmosphereDensity>
            <generateCraters>false</generateCraters>
            <generateCaves>false</generateCaves>
            <generateVolcanos>false</generateVolcanos>
            <generateStructures>true</generateStructures>
            <generateGeodes>true</generateGeodes>
            <biomeIds>minecraft:mushroom_island;30</biomeIds>
        </planet>
        <planet DIMID="76" name="Alykitt 76">
            <isKnown>false</isKnown>
            <fogColor>1.0,1.0,1.0</fogColor>
            <skyColor>0.8,0.89341474,0.9899715</skyColor>
            <gravitationalMultiplier>130</gravitationalMultiplier>
            <orbitalDistance>217</orbitalDistance>
            <orbitalTheta>333</orbitalTheta>
            <orbitalPhi>140</orbitalPhi>
            <retrograde>false</retrograde>
            <avgTemperature>208</avgTemperature>
            <rotationalPeriod>10923</rotationalPeriod>
            <atmosphereDensity>28</atmosphereDensity>
            <generateCraters>true</generateCraters>
            <generateCaves>false</generateCaves>
            <generateVolcanos>false</generateVolcanos>
            <generateStructures>false</generateStructures>
            <generateGeodes>false</generateGeodes>
            <biomeIds>minecraft:jungle_edge;30,advancedrocketry:volcanicbarren;30,biomesoplenty:mangrove;30,minecraft:mesa;30,minecraft:mesa_rock;30</biomeIds>
            <planet DIMID="77" name="Alykitt 76: 0">
                <isKnown>false</isKnown>
                <fogColor>1.0,1.0,1.0</fogColor>
                <skyColor>0.8,0.7768264,0.7463895</skyColor>
                <gravitationalMultiplier>81</gravitationalMultiplier>
                <orbitalDistance>133</orbitalDistance>
                <orbitalTheta>302</orbitalTheta>
                <orbitalPhi>-330</orbitalPhi>
                <retrograde>false</retrograde>
                <avgTemperature>266</avgTemperature>
                <rotationalPeriod>45160</rotationalPeriod>
                <atmosphereDensity>27</atmosphereDensity>
                <generateCraters>true</generateCraters>
                <generateCaves>false</generateCaves>
                <generateVolcanos>false</generateVolcanos>
                <generateStructures>false</generateStructures>
                <generateGeodes>false</generateGeodes>
                <biomeIds>minecraft:mutated_desert;30,lepidodendron:olivegrove;1,minecraft:extreme_hills_with_trees;30,biomesoplenty:lush_desert;30,biomesoplenty:origin_beach;30</biomeIds>
            </planet>
        </planet>
    </star>
</galaxy>
