{"stat.useItem.minecraft.stone":1,"stat.leaveGame":5,"stat.pickup.minecraft.gravel":87,"stat.pickup.minecraft.flint":8,"stat.mineBlock.minecraft.stained_glass_pane":1,"stat.jump":507,"stat.pickup.minecraft.coal":1,"stat.fallOneCm":58384,"stat.climbOneCm":6520,"stat.pickup.customnpcs.npcmobcloner":2,"stat.crouchOneCm":7175,"stat.pickup.minecraft.dirt":10,"stat.pickup.minecraft.brick_block":2,"stat.drop.customnpcs.npcmobcloner":2,"stat.pickup.minecraft.leather":1,"stat.damageTaken":15917,"stat.pickup.lepidodendron.columnaris_log":1,"stat.pickup.minecraft.cobblestone":9,"stat.pickup.minecraft.quartz_stairs":2,"stat.useItem.customnpcs.npcwand":6,"stat.flyOneCm":2158527,"stat.pickup.minecraft.quartz_block":4,"stat.useItem.nocubessrparmory.evolutionknife":3,"stat.damageDealt":11853,"stat.timeSinceDeath":6727,"stat.useItem.minecraft.spawn_egg":162,"stat.pickup.minecraft.stained_hardened_clay":16,"stat.useItem.customnpcs.npcmobcloner":16,"stat.useItem.minecraft.air":5,"stat.walkOneCm":392490,"stat.pickup.minecraft.stonebrick":6,"stat.drop.minecraft.dirt":2,"stat.useItem.minecraft.gravel":28,"stat.pickup.nocubessrparmory.overlordcore":2,"stat.pickup.minecraft.log":1,"stat.drop.minecraft.stone_slab":2,"stat.drop.customnpcs.npcwand":1,"stat.useItem.srparasites.itemmobspawner_oronco":1,"stat.useItem.matteroverdrive.android_pill":1,"stat.pickup.minecraft.stone":6,"stat.drop.minecraft.sapling":1,"stat.pickup.minecraft.sapling":2,"stat.sprintOneCm":121856,"stat.pickup.minecraft.cooked_beef":5,"stat.useItem.nocubessrparmory.evolutionaxe":11,"stat.mobKills":1,"stat.useItem.minecraft.golden_apple":32,"stat.deaths":15,"stat.drop":8,"stat.playOneMinute":250713,"stat.pickup.minecraft.torch":1,"stat.sneakTime":2894,"stat.useItem.nocubessrparmory.evolutionsickle":7,"stat.useItem.srparasites.itemmobspawner_alafha":3,"stat.useItem.srparasites.itemmobspawner_emanaadapted":1,"stat.pickup.minecraft.iron_bars":2,"stat.pickup.minecraft.stone_slab":13,"stat.diveOneCm":6787}