{
  "questSettings:10": {
    "betterquesting:10": {
      "pack_name:8": "",
      "pack_version:3": 0,
      "party_enable:1": 1,
      "editmode:1": 1,
      "hardcore:1": 0,
      "livesdef:3": 3,
      "livesmax:3": 10,
      "home_image:8": "betterquesting:textures/gui/default_title.png",
      "home_anchor_x:5": 0.5,
      "home_anchor_y:5": 0.0,
      "home_offset_x:3": -128,
      "home_offset_y:3": 0
    }
  },
  "questDatabase:9": {
    "0:10": {
      "properties:10": {
        "betterquesting:10": {
          "name:8": "New Start",
          "desc:8": "You woke up here, you have no memory of what happened before or what this world has come too. All you have is a §1§2Strange Pendant",
          "icon:10": {
            "id:8": "minecraft:air",
            "Count:3": 0,
            "Damage:2": 0,
            "OreDict:8": ""
          },
          "snd_complete:8": "minecraft:entity.player.levelup",
          "snd_update:8": "minecraft:entity.player.levelup",
          "questlogic:8": "AND",
          "tasklogic:8": "AND",
          "repeattime:3": -1,
          "repeat_relative:1": 1,
          "lockedprogress:1": 0,
          "autoclaim:1": 0,
          "issilent:1": 0,
          "ismain:1": 0,
          "globalshare:1": 0,
          "simultaneous:1": 0,
          "visibility:8": "NORMAL"
        }
      },
      "tasks:9": {},
      "rewards:9": {},
      "preRequisites:11": [
        0
      ],
      "questID:3": 0
    },
    "1:10": {
      "properties:10": {
        "betterquesting:10": {
          "name:8": "Collecting Rocks",
          "desc:8": "Rocks Are Cool\n\nRocks are Essential to creating Basic Tools",
          "icon:10": {
            "id:8": "notreepunching:rock/stone",
            "Count:3": 1,
            "Damage:2": 0,
            "OreDict:8": "rock"
          },
          "snd_complete:8": "minecraft:entity.player.levelup",
          "snd_update:8": "minecraft:entity.player.levelup",
          "questlogic:8": "AND",
          "tasklogic:8": "AND",
          "repeattime:3": -1,
          "repeat_relative:1": 1,
          "lockedprogress:1": 0,
          "autoclaim:1": 0,
          "issilent:1": 0,
          "ismain:1": 0,
          "globalshare:1": 0,
          "simultaneous:1": 0,
          "visibility:8": "NORMAL"
        }
      },
      "tasks:9": {
        "0:10": {
          "orig_data:10": {
            "id:8": "notreepunching:rock/stone",
            "Count:3": 10,
            "Damage:2": 0,
            "OreDict:8": "rock"
          },
          "taskID:8": "betterquesting:placeholder",
          "index:3": 0
        }
      },
      "rewards:9": {},
      "preRequisites:11": [],
      "questID:3": 1
    }
  },
  "questLines:9": {
    "0:10": {
      "properties:10": {
        "betterquesting:10": {
          "name:8": "0: New Beginnings",
          "desc:8": "§0§1Everything has collapsed, this world has devolved every quickly. You try to remember but everything is foggy but you do know one thing. That no matter what, you must SURVIVE",
          "icon:10": {
            "id:8": "flansmod:sitheyes",
            "Count:3": 1,
            "Damage:2": 0,
            "OreDict:8": ""
          },
          "visibility:8": "NORMAL",
          "bg_image:8": "",
          "bg_size:3": 256
        }
      },
      "quests:9": {
        "0:10": {
          "sizeX:3": 24,
          "sizeY:3": 24,
          "x:3": 0,
          "y:3": -46,
          "id:3": 0
        }
      },
      "lineID:3": 0,
      "order:3": 0
    },
    "1:10": {
      "properties:10": {
        "betterquesting:10": {
          "name:8": "1: From The Ground Up",
          "desc:8": "You Begin Your Journey, You Must First Create The Basics.",
          "icon:10": {
            "id:8": "notreepunching:rock/stone",
            "Count:3": 1,
            "Damage:2": 0,
            "OreDict:8": ""
          },
          "visibility:8": "CHAIN",
          "bg_image:8": "",
          "bg_size:3": 256
        }
      },
      "quests:9": {
        "0:10": {
          "sizeX:3": 24,
          "sizeY:3": 24,
          "x:3": -90,
          "y:3": -60,
          "id:3": 1
        }
      },
      "lineID:3": 1,
      "order:3": 1
    }
  },
  "format:8": "2.0.0",
  "build:8": "3.5.329"
}