{"stat.useItem.gregtech.knife":7,"stat.leaveGame":8,"stat.pickup.minecraft.gravel":12,"stat.pickup.lepidodendron.ctenis_log":1,"stat.mineBlock.minecraft.cobblestone":1,"stat.pickup.minecraft.flint":3,"stat.mineBlock.lepidodendron.ptilozamites":1,"stat.mineBlock.lepidodendron.calycanthus_flower":1,"stat.pickup.lepidodendron.magnolia_log":6,"stat.useItem.notreepunching.rock/stone":13,"stat.craftItem.notreepunching.grass_string":3,"stat.craftItem.gregtech.mortar":1,"stat.pickup.minecraft.brick":1,"stat.pickup.srparasites.parasitecanister":1,"stat.jump":137,"stat.swimOneCm":4752,"stat.fallOneCm":685,"stat.pickup.lepidodendron.pterophyllum_log":12,"stat.mineBlock.lepidodendron.sphenopteris":3,"stat.useItem.notreepunching.axe/flint":10,"stat.mineBlock.lepidodendron.pterophyllum_log":2,"stat.crouchOneCm":1998,"stat.pickup.minecraft.dirt":20,"stat.useItem.minecraft.dirt":8,"stat.useItem.minecraft.water_bucket":5,"stat.craftingTableInteraction":9,"stat.craftItem.minecraft.furnace":1,"stat.pickup.notreepunching.rock/stone":17,"stat.pickup.minecraft.cobblestone":2,"stat.pickup.minecraft.planks":68,"stat.flyOneCm":227033,"stat.mineBlock.lepidodendron.magnolia_log":6,"stat.mineBlock.lepidodendron.ctenis_log":1,"stat.craftItem.gregtech.hammer":1,"stat.pickup.minecraft.wheat_seeds":2,"stat.useItem.notreepunching.pickaxe/flint":6,"stat.mineBlock.minecraft.gravel":15,"stat.craftItem.notreepunching.pickaxe/flint":1,"stat.damageDealt":60,"stat.useItem.primal_tech.fire_sticks":13,"stat.timeSinceDeath":235253,"stat.mineBlock.minecraft.dirt":7,"stat.craftItem.primal_tech.rock":4,"stat.useItem.minecraft.air":10,"stat.pickup.minecraft.flint_and_steel":1,"stat.walkOneCm":199036,"stat.useItem.notreepunching.knife/flint":34,"stat.pickup.minecraft.stick":2,"stat.useItem.minecraft.cobblestone":1,"stat.craftItem.minecraft.crafting_table":1,"stat.furnaceInteraction":1,"stat.drop.minecraft.flint_and_steel":1,"stat.useItem.minecraft.gravel":19,"stat.pickup.minecraft.log":2,"stat.mineBlock.minecraft.grass":15,"stat.mineBlock.lepidodendron.magnolia_leaves":10,"stat.craftItem.lepidodendron.stick_bundle":1,"stat.pickup.notreepunching.grass_fiber":10,"stat.craftItem.gregtech.knife":1,"stat.craftItem.primal_tech.stone_club":1,"stat.craftItem.primal_tech.work_stump":1,"stat.mineBlock.lepidodendron.calycanthus_leaves":2,"stat.pickup.primal_tech.flint_edged_disc":1,"stat.sprintOneCm":78672,"stat.useItem.minecraft.tallgrass":35,"stat.craftItem.minecraft.stick":16,"stat.pickup.notreepunching.flint_shard":22,"stat.pickup.primal_tech.rock":3,"stat.mineBlock.primal_tech.water_saw":1,"stat.useItem.minecraft.flint_and_steel":1,"stat.mobKills":1,"stat.mineBlock.primal_tech.clay_kiln":1,"stat.craftItem.gregtech.meta_plate":1,"stat.craftItem.notreepunching.axe/flint":1,"stat.drop":1,"stat.pickup.primal_tech.clay_kiln":1,"stat.playOneMinute":235253,"stat.mineBlock.srparasites.parasitecanister":1,"stat.sneakTime":452,"stat.craftItem.notreepunching.knife/flint":1,"stat.craftItem.minecraft.cobblestone":4,"stat.mineBlock.minecraft.tallgrass":23,"stat.diveOneCm":445,"stat.pickup.primal_tech.water_saw":2}