{"stat.walkOneCm":100393,"stat.leaveGame":4,"stat.drop.advancedrocketry.moonturf":1,"stat.pickup.openmodularturrets.upgrade_meta":64,"stat.useItem.wyrmsofnyrus.creeppodspawner":19,"stat.pickup.minecraft.flower_pot":1,"stat.talkedToVillager":2,"stat.flyOneCm":427879,"stat.pickup.wyrmsofnyrus.wyrmarmorfrag":1,"stat.deaths":1,"stat.drop":1,"stat.jump":143,"stat.playOneMinute":80415,"stat.sneakTime":3775,"stat.pickup.minecraft.tallgrass":1,"stat.crouchOneCm":20516,"stat.useItem.wyrmsofnyrus.wyrmsoldierspawner":3,"stat.timeSinceDeath":25020,"stat.sprintOneCm":24470,"stat.useItem.minecraft.stone_slab2":2212}