{
    "id": "customnpcs:customnpc",
    "Motion": [
        0.0d,
        -0.5169479491049732d,
        0.0d
    ],
    "Rotation": [
        -179.5166f,
        0.0f
    ],
    "FallDistance": 1.5926045f,
    "Fire": 0s,
    "Air": 300s,
    "OnGround": 0b,
    "Dimension": 0,
    "Invulnerable": 0b,
    "PortalCooldown": 0,
    "UpdateBlocked": 0b,
    "ForgeData": {
        "srpcothimmunity": 1,
        "cnpcmarkdata": {
            "marks": [
            ]
        }
    },
    "ForgeCaps": {
        "llibrary:extendedentitydatacapability": {
        }
    },
    "Health": 1977.0f,
    "HurtTime": 0s,
    "HurtByTimestamp": 1635,
    "DeathTime": 0s,
    "AbsorptionAmount": 0.0f,
    "Attributes": [
        {
            "Name": "generic.maxHealth",
            "Base": 1984.0d
        },
        {
            "Name": "generic.knockbackResistance",
            "Base": 0.0d
        },
        {
            "Name": "generic.movementSpeed",
            "Base": 0.4000000059604645d
        },
        {
            "Name": "generic.armor",
            "Base": 0.0d
        },
        {
            "Name": "generic.armorToughness",
            "Base": 0.0d
        },
        {
            "Name": "forge.swimSpeed",
            "Base": 1.0d
        },
        {
            "Name": "generic.followRange",
            "Base": 128.0d
        },
        {
            "Name": "generic.attackDamage",
            "Base": 15.0d
        },
        {
            "Name": "generic.flyingSpeed",
            "Base": 0.800000011920929d
        }
    ],
    "ActiveEffects": [
        {
            "Id": 28,
            "Amplifier": 0b,
            "Duration": 4765,
            "Ambient": 0b,
            "ShowParticles": 0b,
            "CurativeItems": [
            ]
        }
    ],
    "FallFlying": 0b,
    "CanPickUpLoot": 0b,
    "PersistenceRequired": 0b,
    "ArmorItems": [
        {
        },
        {
        },
        {
        },
        {
        }
    ],
    "HandItems": [
        {
        },
        {
        }
    ],
    "ArmorDropChances": [
        0.085f,
        0.085f,
        0.085f,
        0.085f
    ],
    "HandDropChances": [
        0.085f,
        0.085f
    ],
    "Leashed": 0b,
    "LeftHanded": 0b,
    "Name": "Red",
    "MarkovGeneratorId": 2,
    "MarkovGender": 0,
    "Title": "",
    "SkinUrl": "",
    "Texture": "customnpcs:textures/entity/crystal/aquacrystalfloating.png",
    "CloakTexture": "",
    "GlowTexture": "",
    "UsingSkinUrl": 0b,
    "Size": 20,
    "ShowName": 1,
    "SkinColor": 7933957,
    "NpcVisible": 0,
    "NoLivingAnimation": 1b,
    "IsStatue": 0b,
    "BossBar": 0b,
    "BossColor": 1,
    "Resistances": {
        "Knockback": 2.0f,
        "Arrow": 2.0f,
        "Melee": 2.0f,
        "Explosion": 2.0f
    },
    "MaxHealth": 2000,
    "AggroRange": 64,
    "HideBodyWhenKilled": 0b,
    "RespawnTime": 0,
    "SpawnCycle": 3,
    "CreatureType": 0,
    "HealthRegen": 1,
    "CombatRegen": 0,
    "ImmuneToFire": 0b,
    "PotionImmune": 0b,
    "CanDrown": 1b,
    "BurnInSun": 0b,
    "NoFallDamage": 0b,
    "IgnoreCobweb": 0b,
    "AttackStrenght": 15,
    "AttackSpeed": 20,
    "AttackRange": 2,
    "KnockBack": 0,
    "PotionEffect": 0,
    "PotionDuration": 5,
    "PotionAmp": 0,
    "BurstCount": 1,
    "pSpeed": 10,
    "pDamage": 4,
    "pImpact": 0,
    "pSize": 5,
    "pArea": 0,
    "pTrail": 0,
    "MaxFiringRange": 15,
    "FireRate": 5,
    "minDelay": 20,
    "maxDelay": 40,
    "ShotCount": 1,
    "Accuracy": 60,
    "pRender3D": 1b,
    "pSpin": 0b,
    "pStick": 0b,
    "pPhysics": 1b,
    "pXlr8": 0b,
    "pGlows": 0b,
    "AimWhileShooting": 0b,
    "pEffect": 0,
    "pDur": 5,
    "pEffAmp": 0,
    "FiringSound": "minecraft:entity.arrow.shoot",
    "HitSound": "minecraft:entity.arrow.hit",
    "GroundSound": "minecraft:block.stone.break",
    "FireIndirect": 0,
    "DistanceToMelee": 0,
    "CanSwim": 1b,
    "ReactsToFire": 0b,
    "AvoidsWater": 0b,
    "AvoidsSun": 0b,
    "ReturnToStart": 1b,
    "OnAttack": 0,
    "DoorInteract": 2,
    "FindShelter": 2,
    "DirectLOS": 1b,
    "CanLeap": 0b,
    "CanSprint": 0b,
    "TacticalRadius": 8,
    "MovingPause": 1b,
    "npcInteracting": 1b,
    "stopAndInteract": 1b,
    "MoveState": 0,
    "StandingState": 0,
    "MovingState": 0,
    "TacticalVariant": 0,
    "MovementType": 0,
    "Orientation": 0,
    "PositionOffsetX": 5.0f,
    "PositionOffsetY": 5.0f,
    "PositionOffsetZ": 5.0f,
    "WalkingRange": 10,
    "MoveSpeed": 8,
    "MovingPos": 0,
    "MovingPatern": 0,
    "AttackInvisible": 0b,
    "Scripts": [
        {
            "Script": "var Intensity = 6 //Positive values are a push, neative values are a pull.
var MaxRange = 20
var DistanceScalar = 100 //How the push/pull effect will be amplified based on the distance between npc and target. Can be negative. 0 for no effect
var Speed = 0 //How fast the wave goes out. Higher is slower
var Particle = \"instantSpell\" // You can edit specifics further down in the script

var AbilityAttemptTime = 0 //seconds

function init(t){
t.npc.timers.forceStart(1,AbilityAttemptTime*20,true)}

function timer(t){
if(t.id==1){
CircleAttack(t.npc) 
}}

function CircleAttack(npc){
var Thread = Java.type(\"java.lang.Thread\");
var HankThread = Java.extend(Thread,{run: function(){
var vics = npc.world.getNearbyEntities(npc.x,npc.y,npc.z,MaxRange,-1)
for(var j = 0;j<vics.length;++j){
if(vics[j]!=npc){
var dist = npc.getPos().distanceTo(vics[j].getPos())
var Str = Intensity + DistanceScalar*dist
var d = FrontVectors(npc,GetPlayerRotation(npc,vics[j]),0,Intensity,0)
vics[j].setMotionX(d[0])
vics[j].setMotionY(0.1)
vics[j].setMotionZ(d[2])}}
if(Intensity > 0){
for(var k = 0; k< MaxRange*2;++k){
for(var i = 0; i<72;++i){
var d = FrontVectors(npc,i*5,0,k/2*(Intensity/Math.abs(Intensity)),0)
npc.world.spawnParticle(Particle,npc.x+d[0],npc.y,npc.z+d[2],0,0,0,0,1)}
Thread.sleep(Speed)}}
else{
for(var k = MaxRange*2; k>0 ;--k){
for(var i = 0; i<72;++i){
var d = FrontVectors(npc,i*5,0,k/2*(Intensity/Math.abs(Intensity)),0)
npc.world.spawnParticle(Particle,npc.x+d[0],npc.y,npc.z+d[2],0,0,0,0,1)}
Thread.sleep(Speed)}}
}});var H = new HankThread();H.start();}

function GetPlayerRotation(npc, player){
var dx = npc.getX()-player.getX();
var dz = player.getZ()-npc.getZ();
if(dz>=0){
var angle = (Math.atan(dx/dz)*180/Math.PI);
if(angle < 0){
angle = 360+angle;}}
if(dz<0){
dz = -dz;
var angle = 180-(Math.atan(dx/dz)*180/Math.PI);}
return angle;}

function FrontVectors(entity,dr,dp,distance,mode){
if(mode == 1){var angle = dr + entity.getRotation();var pitch = (-entity.getPitch()+dp)*Math.PI/180}
if(mode == 0){var angle = dr;var pitch = (dp)*Math.PI/180}
var dx = -Math.sin(angle*Math.PI/180)*(distance*Math.cos(pitch))
var dy = Math.sin(pitch)*distance
var dz = Math.cos(angle*Math.PI/180)*(distance*Math.cos(pitch))
return [dx,dy,dz]}",
            "Console": [
            ],
            "ScriptList": [
            ]
        },
        {
            "Script": "function collide (t) {
    t.entity.damage(8);
}

",
            "Console": [
            ],
            "ScriptList": [
            ]
        },
        {
            "Script": "var target

function target(e) {
    target = entity
    var x = target.x
    var y = target.y
    var z = target.z
    e.npc.navigateto(x,y,z,8);
}",
            "Console": [
            ],
            "ScriptList": [
            ]
        }
    ],
    "ScriptLanguage": "ECMAScript",
    "ScriptEnabled": 1b,
    "NpcsTimers": [
        {
            "ID": 1,
            "TimerTicks": 1,
            "Repeat": 1b,
            "Ticks": 0
        }
    ],
    "NpcLines": {
        "Lines": [
        ]
    },
    "NpcKilledLines": {
        "Lines": [
        ]
    },
    "NpcInteractLines": {
        "Lines": [
            {
                "Slot": 0,
                "Line": "Hello @p",
                "Song": ""
            }
        ]
    },
    "NpcAttackLines": {
        "Lines": [
        ]
    },
    "NpcKillLines": {
        "Lines": [
        ]
    },
    "NpcInteractNPCLines": {
        "Lines": [
        ]
    },
    "OrderedLines": 0b,
    "NpcIdleSound": "",
    "NpcAngrySound": "",
    "NpcHurtSound": "minecraft:entity.player.hurt",
    "NpcDeathSound": "minecraft:entity.player.hurt",
    "NpcStepSound": "",
    "FactionID": 3,
    "AttackOtherFactions": 1b,
    "DefendFaction": 1b,
    "DisablePitch": 0b,
    "Role": 0,
    "NpcJob": 0,
    "FactionPoints": {
        "OptionFactions1": -1,
        "OptionFactions2": -1,
        "OptionFaction1Points": 100,
        "OptionFaction2Points": 100,
        "DecreaseFaction1Points": 0b,
        "DecreaseFaction2Points": 0b
    },
    "NPCDialogOptions": [
    ],
    "NpcScenes": {
        "Scenes": [
        ]
    },
    "MinExp": 0,
    "MaxExp": 0,
    "NpcInv": [
    ],
    "Armor": [
    ],
    "Weapons": [
    ],
    "DropChance": [
        {
            "Slot": 0,
            "Integer": 100
        },
        {
            "Slot": 1,
            "Integer": 100
        },
        {
            "Slot": 2,
            "Integer": 100
        },
        {
            "Slot": 3,
            "Integer": 100
        },
        {
            "Slot": 4,
            "Integer": 100
        },
        {
            "Slot": 5,
            "Integer": 100
        },
        {
            "Slot": 6,
            "Integer": 100
        },
        {
            "Slot": 7,
            "Integer": 100
        },
        {
            "Slot": 8,
            "Integer": 100
        }
    ],
    "LootMode": 0,
    "TransformIsActive": 0b,
    "TransformHasDisplay": 0b,
    "TransformHasAI": 0b,
    "TransformHasAdvanced": 0b,
    "TransformHasInv": 0b,
    "TransformHasStats": 0b,
    "TransformHasRole": 0b,
    "TransformHasJob": 0b,
    "TransformEditingModus": 0b,
    "KilledTime": 0L,
    "TotalTicksAlive": 10L,
    "ModRev": 18,
    "LinkedNpcName": "",
    "NpcModelData": {
        "EntityClass": "noppes.npcs.entity.EntityNpcCrystal",
        "ArmsConfig": {
            "ScaleX": 1.0f,
            "ScaleY": 1.0f,
            "ScaleZ": 1.0f,
            "TransX": -0.0f,
            "TransY": 0.0f,
            "TransZ": 0.0f,
            "NotShared": 0b
        },
        "BodyConfig": {
            "ScaleX": 1.0f,
            "ScaleY": 1.0f,
            "ScaleZ": 1.0f,
            "TransX": 0.0f,
            "TransY": 0.0f,
            "TransZ": 0.0f,
            "NotShared": 0b
        },
        "LegsConfig": {
            "ScaleX": 1.0f,
            "ScaleY": 1.0f,
            "ScaleZ": 1.0f,
            "TransX": 0.012000002f,
            "TransY": 0.0f,
            "TransZ": 0.0f,
            "NotShared": 0b
        },
        "HeadConfig": {
            "ScaleX": 1.0f,
            "ScaleY": 1.0f,
            "ScaleZ": 1.0f,
            "TransX": 0.0f,
            "TransY": 0.0f,
            "TransZ": 0.0f,
            "NotShared": 0b
        },
        "LegParts": {
            "Type": 0b,
            "Color": 16777215,
            "PlayerTexture": 0b,
            "Pattern": 0b
        },
        "Eyes": {
            "Type": 0b,
            "Color": 4882687,
            "PlayerTexture": 0b,
            "Pattern": 0b,
            "Glint": 1b,
            "SkinColor": 11830381,
            "BrowColor": 5982516,
            "PositionY": 1,
            "BrowThickness": 4
        },
        "ExtraData": {
            "NpcLines": {
                "Lines": [
                ]
            },
            "NpcKilledLines": {
                "Lines": [
                ]
            },
            "NpcInteractLines": {
                "Lines": [
                    {
                        "Slot": 0,
                        "Line": "Hello @p",
                        "Song": ""
                    }
                ]
            },
            "NpcAttackLines": {
                "Lines": [
                ]
            },
            "NpcKillLines": {
                "Lines": [
                ]
            },
            "NpcInteractNPCLines": {
                "Lines": [
                ]
            },
            "OrderedLines": 0b,
            "NpcIdleSound": "",
            "NpcAngrySound": "",
            "NpcHurtSound": "minecraft:entity.player.hurt",
            "NpcDeathSound": "minecraft:entity.player.hurt",
            "NpcStepSound": "",
            "FactionID": 0,
            "AttackOtherFactions": 0b,
            "DefendFaction": 0b,
            "DisablePitch": 0b,
            "Role": 0,
            "NpcJob": 0,
            "FactionPoints": {
                "OptionFactions1": -1,
                "OptionFactions2": -1,
                "OptionFaction1Points": 100,
                "OptionFaction2Points": 100,
                "DecreaseFaction1Points": 0b,
                "DecreaseFaction2Points": 0b
            },
            "NPCDialogOptions": [
            ],
            "NpcScenes": {
                "Scenes": [
                ]
            },
            "CanSwim": 1b,
            "ReactsToFire": 0b,
            "AvoidsWater": 0b,
            "AvoidsSun": 0b,
            "ReturnToStart": 1b,
            "OnAttack": 0,
            "DoorInteract": 2,
            "FindShelter": 2,
            "DirectLOS": 1b,
            "CanLeap": 0b,
            "CanSprint": 0b,
            "TacticalRadius": 8,
            "MovingPause": 1b,
            "npcInteracting": 1b,
            "stopAndInteract": 1b,
            "MoveState": 0,
            "StandingState": 0,
            "MovingState": 0,
            "TacticalVariant": 0,
            "MovementType": 0,
            "Orientation": 0,
            "PositionOffsetX": 5.0f,
            "PositionOffsetY": 5.0f,
            "PositionOffsetZ": 5.0f,
            "WalkingRange": 10,
            "MoveSpeed": 5,
            "MovingPathNew": [
            ],
            "MovingPos": 0,
            "MovingPatern": 0,
            "StartPosNew": [I;0,0,0],
            "AttackInvisible": 0b,
            "Resistances": {
                "Knockback": 1.0f,
                "Arrow": 1.0f,
                "Melee": 1.0f,
                "Explosion": 1.0f
            },
            "MaxHealth": 20,
            "AggroRange": 16,
            "HideBodyWhenKilled": 0b,
            "RespawnTime": 20,
            "SpawnCycle": 0,
            "CreatureType": 0,
            "HealthRegen": 1,
            "CombatRegen": 0,
            "ImmuneToFire": 0b,
            "PotionImmune": 0b,
            "CanDrown": 1b,
            "BurnInSun": 0b,
            "NoFallDamage": 0b,
            "IgnoreCobweb": 0b,
            "AttackStrenght": 5,
            "AttackSpeed": 20,
            "AttackRange": 2,
            "KnockBack": 0,
            "PotionEffect": 0,
            "PotionDuration": 5,
            "PotionAmp": 0,
            "BurstCount": 1,
            "pSpeed": 10,
            "pDamage": 4,
            "pImpact": 0,
            "pSize": 5,
            "pArea": 0,
            "pTrail": 0,
            "MaxFiringRange": 15,
            "FireRate": 5,
            "minDelay": 20,
            "maxDelay": 40,
            "ShotCount": 1,
            "Accuracy": 60,
            "pRender3D": 1b,
            "pSpin": 0b,
            "pStick": 0b,
            "pPhysics": 1b,
            "pXlr8": 0b,
            "pGlows": 0b,
            "AimWhileShooting": 0b,
            "pEffect": 0,
            "pDur": 5,
            "pEffAmp": 0,
            "FiringSound": "minecraft:entity.arrow.shoot",
            "HitSound": "minecraft:entity.arrow.hit",
            "GroundSound": "minecraft:block.stone.break",
            "FireIndirect": 0,
            "DistanceToMelee": 0,
            "Name": "Tyltranler",
            "MarkovGeneratorId": 8,
            "MarkovGender": 0,
            "Title": "",
            "SkinUrl": "",
            "Texture": "customnpcs:textures/entity/crystal/endercrystal.png",
            "CloakTexture": "",
            "GlowTexture": "",
            "UsingSkinUrl": 0b,
            "Size": 5,
            "ShowName": 0,
            "SkinColor": 16777215,
            "NpcVisible": 0,
            "NoLivingAnimation": 0b,
            "IsStatue": 0b,
            "BossBar": 0b,
            "BossColor": 0,
            "MinExp": 0,
            "MaxExp": 0,
            "NpcInv": [
            ],
            "Armor": [
            ],
            "Weapons": [
            ],
            "DropChance": [
            ],
            "LootMode": 0
        },
        "Parts": [
        ]
    }
}
